Oct 10 13:41:27 host01 systemd-logind[1078]: The system will reboot now!
Oct 10 13:41:27 host01 systemd-logind[1078]: System is rebooting.
Oct 10 13:41:27 host01 systemd[1]: unattended-upgrades.service: Deactivated successfully.
Oct 10 13:41:27 host01 systemd[1]: Removed slice system-modprobe.slice - Slice /system/modprobe.
Oct 10 13:41:27 host01 systemd[1]: Stopped target boot-complete.target - Boot Completion Check.
Oct 10 13:41:27 host01 systemd[1]: Stopped target cloud-init.target - Cloud-init target.
Oct 10 13:41:27 host01 systemd[1]: Stopped target graphical.target - Graphical Interface.
Oct 10 13:41:27 host01 systemd[1]: Stopped target nss-lookup.target - Host and Network Name Lookups.
Oct 10 13:41:27 host01 systemd[1]: Stopped target timers.target - Timer Units.
Oct 10 13:41:27 host01 systemd[1]: apt-daily-upgrade.timer: Deactivated successfully.
Oct 10 13:41:27 host01 systemd[1]: Stopped apt-daily-upgrade.timer - Daily apt upgrade and clean activities.
Oct 10 13:41:27 host01 systemd[1]: apt-daily.timer: Deactivated successfully.
Oct 10 13:41:27 host01 systemd[1]: Stopped apt-daily.timer - Daily apt download activities.
Oct 10 13:41:27 host01 systemd[1]: dpkg-db-backup.timer: Deactivated successfully.
Oct 10 13:41:27 host01 systemd[1]: Stopped dpkg-db-backup.timer - Daily dpkg database backup timer.
Oct 10 13:41:27 host01 systemd[1]: e2scrub_all.timer: Deactivated successfully.
Oct 10 13:41:27 host01 systemd[1]: Stopped e2scrub_all.timer - Periodic ext4 Online Metadata Check for All Filesystems.
Oct 10 13:41:27 host01 systemd[1]: fstrim.timer: Deactivated successfully.
Oct 10 13:41:27 host01 systemd[1]: Stopped fstrim.timer - Discard unused filesystem blocks once a week.
Oct 10 13:41:27 host01 systemd[1]: fwupd-refresh.timer: Deactivated successfully.
Oct 10 13:41:27 host01 systemd[1]: Stopped fwupd-refresh.timer - Refresh fwupd metadata regularly.
Oct 10 13:41:27 host01 systemd[1]: logrotate.timer: Deactivated successfully.
Oct 10 13:41:27 host01 systemd[1]: Stopped logrotate.timer - Daily rotation of log files.
Oct 10 13:41:27 host01 systemd[1]: man-db.timer: Deactivated successfully.
Oct 10 13:41:27 host01 systemd[1]: Stopped man-db.timer - Daily man-db regeneration.
Oct 10 13:41:27 host01 systemd[1]: motd-news.timer: Deactivated successfully.
Oct 10 13:41:27 host01 systemd[1]: Stopped motd-news.timer - Message of the Day.
Oct 10 13:41:27 host01 systemd[1]: sysstat-collect.timer: Deactivated successfully.
Oct 10 13:41:27 host01 systemd[1]: Stopped sysstat-collect.timer - Run system activity accounting tool every 10 minutes.
Oct 10 13:41:27 host01 systemd[1]: sysstat-rotate.timer: Deactivated successfully.
Oct 10 13:41:27 host01 systemd[1]: Stopped sysstat-rotate.timer - Rotate daily system activity data file at midnight.
Oct 10 13:41:27 host01 systemd[1]: sysstat-summary.timer: Deactivated successfully.
Oct 10 13:41:27 host01 systemd[1]: Stopped sysstat-summary.timer - Generate summary of yesterday's process accounting.
Oct 10 13:41:27 host01 systemd[1]: systemd-tmpfiles-clean.timer: Deactivated successfully.
Oct 10 13:41:27 host01 systemd[1]: Stopped systemd-tmpfiles-clean.timer - Daily Cleanup of Temporary Directories.
Oct 10 13:41:27 host01 systemd[1]: update-notifier-download.timer: Deactivated successfully.
Oct 10 13:41:27 host01 systemd[1]: Stopped update-notifier-download.timer - Download data for packages that failed at package install time.
Oct 10 13:41:27 host01 systemd[1]: update-notifier-motd.timer: Deactivated successfully.
Oct 10 13:41:27 host01 systemd[1]: Stopped update-notifier-motd.timer - Check to see whether there is a new version of Ubuntu available.
Oct 10 13:41:27 host01 systemd[1]: xfs_scrub_all.timer: Deactivated successfully.
Oct 10 13:41:27 host01 systemd[1]: Stopped xfs_scrub_all.timer - Periodic XFS Online Metadata Check for All Filesystems.
Oct 10 13:41:27 host01 systemd[1]: Stopped target time-set.target - System Time Set.
Oct 10 13:41:27 host01 systemd[1]: cloud-init-hotplugd.socket: Deactivated successfully.
Oct 10 13:41:27 host01 systemd[1]: Closed cloud-init-hotplugd.socket - cloud-init hotplug hook socket.
Oct 10 13:41:27 host01 systemd[1]: lvm2-lvmpolld.socket: Deactivated successfully.
Oct 10 13:41:27 host01 systemd[1]: Closed lvm2-lvmpolld.socket - LVM2 poll daemon socket.
Oct 10 13:41:27 host01 systemd[1]: systemd-rfkill.socket: Deactivated successfully.
Oct 10 13:41:27 host01 systemd[1]: Closed systemd-rfkill.socket - Load/Save RF Kill Switch Status /dev/rfkill Watch.
Oct 10 13:41:27 host01 systemd[1]: Stopping blk-availability.service - Availability of block devices...
Oct 10 13:41:27 host01 systemd[1]: cloud-final.service: Deactivated successfully.
Oct 10 13:41:27 host01 systemd[1]: Stopped cloud-final.service - Cloud-init: Final Stage.
Oct 10 13:41:27 host01 systemd[1]: Stopped target multi-user.target - Multi-User System.
Oct 10 13:41:27 host01 systemd[1]: Stopped target getty.target - Login Prompts.
Oct 10 13:41:27 host01 systemd[1]: Stopping ModemManager.service - Modem Manager...
Oct 10 13:41:27 host01 systemd[1]: Stopping apport.service - automatic crash report generation...
Oct 10 13:41:27 host01 systemd[1]: Stopping chrony.service - chrony, an NTP client/server...
Oct 10 13:41:27 host01 systemd[1]: cloud-config.service: Deactivated successfully.
Oct 10 13:41:27 host01 systemd[1]: Stopped cloud-config.service - Cloud-init: Config Stage.
Oct 10 13:41:27 host01 systemd[1]: Stopped target cloud-config.target - Cloud-config availability.
Oct 10 13:41:27 host01 systemd[1]: Stopped target network-online.target - Network is Online.
Oct 10 13:41:27 host01 systemd[1]: Stopping cron.service - Regular background program processing daemon...
Oct 10 13:41:27 host01 chronyd[1142]: chronyd exiting
Oct 10 13:41:27 host01 ModemManager[1160]: <msg> caught signal, shutting down...
Oct 10 13:41:27 host01 systemd[1]: Stopping dracut-shutdown.service - Restore /run/initramfs on shutdown...
Oct 10 13:41:27 host01 ModemManager[1160]: <msg> ModemManager is shut down
Oct 10 13:41:27 host01 systemd[1]: Stopping finalrd.service - Create final runtime dir for shutdown pivot root...
Oct 10 13:41:27 host01 rsyslogd[1197]: [origin software="rsyslogd" swVersion="8.2512.0" x-pid="1197" x-info="https://www.rsyslog.com"] exiting on signal 15.
Oct 10 13:41:27 host01 systemd[1]: Stopping getty@tty1.service - Getty on tty1...
Oct 10 13:41:27 host01 sshd[1107]: Received signal 15; terminating.
Oct 10 13:41:27 host01 systemd[1]: Stopping multipathd-queueing.service - Enable queuing for multipath maps...
Oct 10 13:41:27 host01 systemd[1]: Stopping networkd-dispatcher.service - Dispatcher daemon for systemd-networkd...
Oct 10 13:41:27 host01 systemd[1]: plymouth-quit.service: Deactivated successfully.
Oct 10 13:41:27 host01 systemd[1]: Stopped plymouth-quit.service - Terminate Plymouth Boot Screen.
Oct 10 13:41:27 host01 systemd[1]: Stopping rsyslog.service - System Logging Service...
Oct 10 13:41:27 host01 systemd[1]: Stopping serial-getty@ttyS0.service - Serial Getty on ttyS0...
Oct 10 13:41:27 host01 systemd[1]: snapd.seeded.service: Deactivated successfully.
Oct 10 13:41:27 host01 systemd[1]: Stopped snapd.seeded.service - Wait until snapd is fully seeded.
Oct 10 13:41:27 host01 systemd[1]: snapd.system-shutdown.service - Ubuntu core (all-snaps) system shutdown helper setup service skipped, unmet condition check ConditionPathExists=/usr/lib/snapd/system-shutdown
Oct 10 13:41:27 host01 systemd[1]: Stopping ssh.service - OpenBSD Secure Shell server...
Oct 10 13:41:27 host01 systemd[1]: sysstat.service: Deactivated successfully.
Oct 10 13:41:27 host01 systemd[1]: Stopped sysstat.service - Resets System Activity Logs.
Oct 10 13:41:27 host01 systemd[1]: Stopping systemd-logind.service - User Login Management...
Oct 10 13:41:27 host01 systemd[1]: Stopping systemd-networkd-persistent-storage.service - Enable Persistent Storage in systemd-networkd...
Oct 10 13:41:27 host01 systemd[1]: systemd-networkd-wait-online.service: Deactivated successfully.
Oct 10 13:41:27 host01 systemd[1]: Stopped systemd-networkd-wait-online.service - Wait for Network to be Online.
Oct 10 13:41:27 host01 systemd[1]: Stopping systemd-random-seed.service - Load/Save OS Random Seed...
Oct 10 13:41:27 host01 systemd[1]: systemd-udev-load-credentials.service: Deactivated successfully.
Oct 10 13:41:27 host01 systemd[1]: Stopped systemd-udev-load-credentials.service - Load udev Rules from Credentials.
Oct 10 13:41:27 host01 systemd[1]: Stopping udisks2.service - Disk Manager...
Oct 10 13:41:27 host01 systemd[1]: chrony.service: Deactivated successfully.
Oct 10 13:41:27 host01 systemd[1]: Stopped chrony.service - chrony, an NTP client/server.
Oct 10 13:41:27 host01 systemd[1]: cron.service: Deactivated successfully.
Oct 10 13:41:27 host01 systemd[1]: Stopped cron.service - Regular background program processing daemon.
Oct 10 13:41:27 host01 systemd[1]: networkd-dispatcher.service: Deactivated successfully.
Oct 10 13:41:27 host01 systemd[1]: Stopped networkd-dispatcher.service - Dispatcher daemon for systemd-networkd.
Oct 10 13:41:27 host01 systemd[1]: systemd-logind.service: Deactivated successfully.
Oct 10 13:41:27 host01 systemd[1]: Stopped systemd-logind.service - User Login Management.
Oct 10 13:41:27 host01 multipathd[648]: disable queueing (operator)
Oct 10 13:41:27 host01 multipathd[1298]: ok
Oct 10 13:41:27 host01 systemd[1]: ssh.service: Deactivated successfully.
Oct 10 13:41:27 host01 systemd[1]: Stopped ssh.service - OpenBSD Secure Shell server.
Oct 10 13:41:27 host01 systemd[1]: udisks2.service: Deactivated successfully.
Oct 10 13:41:27 host01 systemd[1]: Stopped udisks2.service - Disk Manager.
Oct 10 13:41:27 host01 systemd[1]: serial-getty@ttyS0.service: Deactivated successfully.
Oct 10 13:41:27 host01 systemd[1]: Stopped serial-getty@ttyS0.service - Serial Getty on ttyS0.
Oct 10 13:41:27 host01 blkdeactivate[1294]: Deactivating block devices:
Oct 10 13:41:27 host01 systemd-tmpfiles[1362]: /run/finalrd-libs.conf:12: Duplicate line for path "/run/initramfs/lib64", ignoring.
Oct 10 13:41:27 host01 finalrd[1363]: run-parts: executing /usr/share/finalrd/mdadm.finalrd setup
Oct 10 13:41:27 host01 finalrd[1363]: run-parts: executing /usr/share/finalrd/open-iscsi.finalrd setup
Oct 10 13:41:27 host01 systemd[1]: getty@tty1.service: Deactivated successfully.
Oct 10 13:41:27 host01 systemd[1]: Stopped getty@tty1.service - Getty on tty1.
Oct 10 13:41:27 host01 systemd[1]: ModemManager.service: Deactivated successfully.
Oct 10 13:41:27 host01 systemd[1]: Stopped ModemManager.service - Modem Manager.
Oct 10 13:41:27 host01 systemd[1]: rsyslog.service: Deactivated successfully.
Oct 10 13:41:27 host01 systemd[1]: Stopped rsyslog.service - System Logging Service.
Oct 10 13:41:27 host01 systemd[1]: blk-availability.service: Deactivated successfully.
Oct 10 13:41:27 host01 systemd[1]: Stopped blk-availability.service - Availability of block devices.
Oct 10 13:41:27 host01 systemd[1]: apport.service: Deactivated successfully.
Oct 10 13:41:27 host01 systemd[1]: Stopped apport.service - automatic crash report generation.
Oct 10 13:41:27 host01 systemd[1]: dracut-shutdown.service: Deactivated successfully.
Oct 10 13:41:27 host01 systemd[1]: Stopped dracut-shutdown.service - Restore /run/initramfs on shutdown.
Oct 10 13:41:27 host01 systemd[1]: multipathd-queueing.service: Deactivated successfully.
Oct 10 13:41:27 host01 systemd[1]: Stopped multipathd-queueing.service - Enable queuing for multipath maps.
Oct 10 13:41:27 host01 systemd[1]: systemd-random-seed.service: Deactivated successfully.
Oct 10 13:41:27 host01 systemd[1]: Stopped systemd-random-seed.service - Load/Save OS Random Seed.
Oct 10 13:41:27 host01 systemd[1]: Removed slice system-getty.slice - Slice /system/getty.
Oct 10 13:41:27 host01 systemd[1]: Removed slice system-serial\x2dgetty.slice - Slice /system/serial-getty.
Oct 10 13:41:27 host01 systemd[1]: Stopped target getty-pre.target - Preparation for Logins.
Oct 10 13:41:27 host01 systemd[1]: plymouth-quit-wait.service: Deactivated successfully.
Oct 10 13:41:27 host01 systemd[1]: Stopped plymouth-quit-wait.service - Hold until boot process finishes up.
Oct 10 13:41:27 host01 systemd[1]: plymouth-reboot.service - Show Plymouth Reboot Screen skipped, unmet condition check ConditionKernelCommandLine=splash
Oct 10 13:41:27 host01 systemd[1]: Starting plymouth-switch-root-initramfs.service - Tell Plymouth To Jump To initramfs...
Oct 10 13:41:27 host01 systemd[1]: Stopping polkit.service - Authorization Manager...
Oct 10 13:41:27 host01 systemd[1]: Stopping systemd-user-sessions.service - Permit User Sessions...
Oct 10 13:41:27 host01 systemd[1]: systemd-networkd-persistent-storage.service: Deactivated successfully.
Oct 10 13:41:27 host01 systemd[1]: Stopped systemd-networkd-persistent-storage.service - Enable Persistent Storage in systemd-networkd.
Oct 10 13:41:27 host01 systemd[1]: polkit.service: Deactivated successfully.
Oct 10 13:41:27 host01 systemd[1]: Stopped polkit.service - Authorization Manager.
Oct 10 13:41:27 host01 systemd[1]: systemd-user-sessions.service: Deactivated successfully.
Oct 10 13:41:27 host01 systemd[1]: Stopped systemd-user-sessions.service - Permit User Sessions.
Oct 10 13:41:27 host01 systemd[1]: Stopped target basic.target - Basic System.
Oct 10 13:41:27 host01 systemd[1]: Stopped target network.target - Network.
Oct 10 13:41:27 host01 systemd[1]: Stopped target paths.target - Path Units.
Oct 10 13:41:27 host01 systemd[1]: Stopped target remote-fs.target - Remote File Systems.
Oct 10 13:41:27 host01 systemd[1]: Stopped target remote-fs-pre.target - Preparation for Remote File Systems.
Oct 10 13:41:27 host01 systemd[1]: Stopped target slices.target - Slice Units.
Oct 10 13:41:27 host01 systemd[1]: Removed slice system-xfs_scrub.slice - xfs_scrub background service slice.
Oct 10 13:41:27 host01 systemd[1]: Removed slice user.slice - User and Session Slice.
Oct 10 13:41:27 host01 systemd[1]: Stopped target sockets.target - Socket Units.
Oct 10 13:41:27 host01 systemd[1]: iscsid.socket: Deactivated successfully.
Oct 10 13:41:27 host01 systemd[1]: Closed iscsid.socket - Open-iSCSI iscsid Socket.
Oct 10 13:41:27 host01 systemd[1]: lxd-installer.socket: Deactivated successfully.
Oct 10 13:41:27 host01 systemd[1]: Closed lxd-installer.socket - Helper to install lxd snap on demand.
Oct 10 13:41:27 host01 systemd[1]: polkit-agent-helper.socket: Deactivated successfully.
Oct 10 13:41:27 host01 systemd[1]: Closed polkit-agent-helper.socket - Authorization Manager Agent Helper.
Oct 10 13:41:27 host01 systemd[1]: snapd.socket: Deactivated successfully.
Oct 10 13:41:27 host01 systemd[1]: Closed snapd.socket - Socket activation for snappy daemon.
Oct 10 13:41:27 host01 systemd[1]: ssh.socket: Deactivated successfully.
Oct 10 13:41:27 host01 systemd[1]: Closed ssh.socket - OpenBSD Secure Shell server socket.
Oct 10 13:41:27 host01 systemd[1]: sshd-unix-local.socket: Deactivated successfully.
Oct 10 13:41:27 host01 systemd[1]: Closed sshd-unix-local.socket - OpenSSH Server Socket (systemd-ssh-generator, AF_UNIX Local).
Oct 10 13:41:27 host01 systemd[1]: syslog.socket: Deactivated successfully.
Oct 10 13:41:27 host01 systemd[1]: Closed syslog.socket - Syslog Socket.
Oct 10 13:41:27 host01 systemd[1]: systemd-hostnamed.socket: Deactivated successfully.
Oct 10 13:41:27 host01 systemd[1]: Closed systemd-hostnamed.socket - Hostname Service Socket.
Oct 10 13:41:27 host01 systemd[1]: systemd-logind-varlink.socket: Deactivated successfully.
Oct 10 13:41:27 host01 systemd[1]: Closed systemd-logind-varlink.socket - User Login Management Varlink Socket.
Oct 10 13:41:27 host01 systemd[1]: systemd-mute-console.socket: Deactivated successfully.
Oct 10 13:41:27 host01 systemd[1]: Closed systemd-mute-console.socket - Console Output Muting Service Socket.
Oct 10 13:41:27 host01 systemd[1]: uuidd.socket: Deactivated successfully.
Oct 10 13:41:27 host01 systemd[1]: Closed uuidd.socket - UUID daemon activation socket.
Oct 10 13:41:27 host01 systemd[1]: Stopped target sysinit.target - System Initialization.
Oct 10 13:41:27 host01 systemd[1]: Stopped target cryptsetup.target - Local Encrypted Volumes.
Oct 10 13:41:27 host01 systemd[1]: systemd-ask-password-console.path: Deactivated successfully.
Oct 10 13:41:27 host01 systemd[1]: Stopped systemd-ask-password-console.path - Dispatch Password Requests to Console Directory Watch.
Oct 10 13:41:27 host01 systemd[1]: systemd-ask-password-wall.path: Deactivated successfully.
Oct 10 13:41:27 host01 systemd[1]: Stopped systemd-ask-password-wall.path - Forward Password Requests to Wall Directory Watch.
Oct 10 13:41:27 host01 systemd[1]: Stopped target imports.target - Image Downloads.
Oct 10 13:41:27 host01 systemd[1]: Stopped target integritysetup.target - Local Integrity Protected Volumes.
Oct 10 13:41:27 host01 systemd[1]: Stopped target veritysetup.target - Local Verity Protected Volumes.
Oct 10 13:41:27 host01 systemd[1]: cloud-init-network.service: Deactivated successfully.
Oct 10 13:41:27 host01 systemd[1]: Stopped cloud-init-network.service - Cloud-init: Network Stage.
Oct 10 13:41:27 host01 systemd[1]: Stopping systemd-binfmt.service - Set Up Additional Binary Formats...
Oct 10 13:41:27 host01 systemd[1]: Stopping systemd-networkd.service - Network Management...
Oct 10 13:41:27 host01 systemd-networkd[1007]: enp0s4: DHCP lease lost
Oct 10 13:41:27 host01 systemd[1]: Stopping systemd-resolved.service - Network Name Resolution...
Oct 10 13:41:27 host01 systemd[1]: systemd-tmpfiles-setup.service: Deactivated successfully.
Oct 10 13:41:27 host01 systemd[1]: Stopped systemd-tmpfiles-setup.service - Create System Files and Directories.
Oct 10 13:41:27 host01 systemd[1]: Finished plymouth-switch-root-initramfs.service - Tell Plymouth To Jump To initramfs.
Oct 10 13:41:27 host01 systemd[1]: systemd-resolved.service: Deactivated successfully.
Oct 10 13:41:27 host01 systemd[1]: Stopped systemd-resolved.service - Network Name Resolution.
Oct 10 13:41:27 host01 systemd[1]: systemd-networkd.service: Deactivated successfully.
Oct 10 13:41:27 host01 systemd[1]: Stopped systemd-networkd.service - Network Management.
Oct 10 13:41:27 host01 systemd[1]: systemd-binfmt.service: Deactivated successfully.
Oct 10 13:41:27 host01 systemd[1]: Stopped systemd-binfmt.service - Set Up Additional Binary Formats.
Oct 10 13:41:27 host01 systemd[1]: proc-sys-fs-binfmt_misc.automount: Deactivated successfully.
Oct 10 13:41:27 host01 systemd[1]: Unset automount proc-sys-fs-binfmt_misc.automount - Arbitrary Executable File Formats File System Automount Point.
Oct 10 13:41:27 host01 systemd[1]: systemd-networkd-resolve-hook.socket: Deactivated successfully.
Oct 10 13:41:27 host01 systemd[1]: Closed systemd-networkd-resolve-hook.socket - Network Management Resolve Hook Socket.
Oct 10 13:41:27 host01 systemd[1]: Stopped target network-pre.target - Preparation for Network.
Oct 10 13:41:27 host01 systemd[1]: systemd-networkd-varlink.socket: Deactivated successfully.
Oct 10 13:41:27 host01 systemd[1]: Closed systemd-networkd-varlink.socket - Network Management Varlink Socket.
Oct 10 13:41:27 host01 systemd[1]: systemd-networkd.socket: Deactivated successfully.
Oct 10 13:41:27 host01 systemd[1]: Closed systemd-networkd.socket - Network Management Netlink Socket.
Oct 10 13:41:27 host01 systemd[1]: systemd-resolved-monitor.socket: Deactivated successfully.
Oct 10 13:41:27 host01 systemd[1]: Closed systemd-resolved-monitor.socket - Resolve Monitor Varlink Socket.
Oct 10 13:41:27 host01 systemd[1]: systemd-resolved-varlink.socket: Deactivated successfully.
Oct 10 13:41:27 host01 systemd[1]: Closed systemd-resolved-varlink.socket - Resolve Service Varlink Socket.
Oct 10 13:41:27 host01 systemd[1]: cloud-init-local.service: Deactivated successfully.
Oct 10 13:41:27 host01 systemd[1]: Stopped cloud-init-local.service - Cloud-init: Local Stage (pre-network).
Oct 10 13:41:27 host01 systemd[1]: netplan-configure.service: Deactivated successfully.
Oct 10 13:41:27 host01 systemd[1]: Stopped netplan-configure.service - Netplan Backend Configuration.
Oct 10 13:41:27 host01 systemd[1]: systemd-sysctl.service: Deactivated successfully.
Oct 10 13:41:27 host01 systemd[1]: Stopped systemd-sysctl.service - Apply Kernel Variables.
Oct 10 13:41:27 host01 systemd[1]: systemd-modules-load.service: Deactivated successfully.
Oct 10 13:41:27 host01 systemd[1]: Stopped systemd-modules-load.service - Load Kernel Modules.
Oct 10 13:41:27 host01 systemd[1]: proc-sys-fs-binfmt_misc.mount: Deactivated successfully.
Oct 10 13:41:28 host01 systemd[1]: finalrd.service: Deactivated successfully.
Oct 10 13:41:28 host01 systemd[1]: Stopped finalrd.service - Create final runtime dir for shutdown pivot root.
Oct 10 13:41:28 host01 systemd[1]: finalrd.service: Consumed 1.058s CPU time over 34.046s wall clock time, 50.7M memory peak.
Oct 10 13:41:28 host01 systemd[1]: Stopped target local-fs.target - Local File Systems.
Oct 10 13:41:28 host01 systemd[1]: Stopped target snapd.mounts.target - Mounted snaps.
Oct 10 13:41:28 host01 systemd[1]: Stopped target snapd.mounts-pre.target - Mounting snaps.
Oct 10 13:41:28 host01 systemd[1]: Unmounting boot-efi.mount - /boot/efi...
Oct 10 13:41:28 host01 systemd[1]: Unmounting tmp.mount - Temporary Directory /tmp...
Oct 10 13:41:28 host01 systemd[1]: boot-efi.mount: Deactivated successfully.
Oct 10 13:41:28 host01 systemd[1]: Unmounted boot-efi.mount - /boot/efi.
Oct 10 13:41:28 host01 systemd[1]: tmp.mount: Deactivated successfully.
Oct 10 13:41:28 host01 systemd[1]: Unmounted tmp.mount - Temporary Directory /tmp.
Oct 10 13:41:28 host01 systemd[1]: Stopped target swap.target - Swaps.
Oct 10 13:41:28 host01 systemd[1]: Unmounting boot.mount - /boot...
Oct 10 13:41:28 host01 systemd[1]: systemd-fsck@dev-disk-by\x2dlabel-UEFI.service: Deactivated successfully.
Oct 10 13:41:28 host01 systemd[1]: Stopped systemd-fsck@dev-disk-by\x2dlabel-UEFI.service - File System Check on /dev/disk/by-label/UEFI.
Oct 10 13:41:28 host01 kernel: EXT4-fs (vda13): unmounting filesystem 00000000-0000-0000-0000-000000000000.
Oct 10 13:41:28 host01 systemd[1]: boot.mount: Deactivated successfully.
Oct 10 13:41:28 host01 systemd[1]: Unmounted boot.mount - /boot.
Oct 10 13:41:28 host01 systemd[1]: Reached target umount.target - Unmount All Filesystems.
Oct 10 13:41:28 host01 systemd[1]: systemd-fsck@dev-disk-by\x2dlabel-BOOT.service: Deactivated successfully.
Oct 10 13:41:28 host01 systemd[1]: Stopped systemd-fsck@dev-disk-by\x2dlabel-BOOT.service - File System Check on /dev/disk/by-label/BOOT.
Oct 10 13:41:28 host01 systemd[1]: Removed slice system-systemd\x2dfsck.slice - Slice /system/systemd-fsck.
Oct 10 13:41:28 host01 systemd[1]: Stopped target local-fs-pre.target - Preparation for Local File Systems.
Oct 10 13:41:28 host01 multipathd[648]: multipathd: shut down
Oct 10 13:41:28 host01 systemd[1]: Stopping multipathd.service - Device-Mapper Multipath Device Controller...
Oct 10 13:41:28 host01 systemd[1]: Stopping lvm2-monitor.service - Monitoring of LVM2 mirrors, snapshots etc. using dmeventd or progress polling...
Oct 10 13:41:28 host01 systemd[1]: systemd-tmpfiles-setup-dev.service: Deactivated successfully.
Oct 10 13:41:28 host01 systemd[1]: Stopped systemd-tmpfiles-setup-dev.service - Create Static Device Nodes in /dev.
Oct 10 13:41:28 host01 systemd[1]: systemd-tmpfiles-setup-dev-early.service: Deactivated successfully.
Oct 10 13:41:28 host01 systemd[1]: Stopped systemd-tmpfiles-setup-dev-early.service - Create Static Device Nodes in /dev gracefully.
Oct 10 13:41:28 host01 systemd[1]: multipathd.service: Deactivated successfully.
Oct 10 13:41:28 host01 systemd[1]: Stopped multipathd.service - Device-Mapper Multipath Device Controller.
Oct 10 13:41:28 host01 systemd[1]: systemd-remount-fs.service: Deactivated successfully.
Oct 10 13:41:28 host01 systemd[1]: Stopped systemd-remount-fs.service - Remount Root and Kernel File Systems.
Oct 10 13:41:28 host01 systemd[1]: systemd-fsck-root.service: Deactivated successfully.
Oct 10 13:41:28 host01 systemd[1]: Stopped systemd-fsck-root.service - File System Check on Root Device.
Oct 10 13:41:28 host01 systemd[1]: lvm2-monitor.service: Deactivated successfully.
Oct 10 13:41:28 host01 systemd[1]: Stopped lvm2-monitor.service - Monitoring of LVM2 mirrors, snapshots etc. using dmeventd or progress polling.
Oct 10 13:41:28 host01 systemd[1]: Reached target shutdown.target - System Shutdown.
Oct 10 13:41:28 host01 systemd[1]: Reached target final.target - Late Shutdown Services.
Oct 10 13:41:28 host01 systemd[1]: systemd-reboot.service: Deactivated successfully.
Oct 10 13:41:28 host01 systemd[1]: Finished systemd-reboot.service - System Reboot.
Oct 10 13:41:28 host01 systemd[1]: Reached target reboot.target - System Reboot.
Oct 10 13:41:28 host01 systemd[1]: Shutting down.
Oct 10 13:41:28 host01 systemd-shutdown[1]: Syncing filesystems and block devices.
Oct 10 13:41:28 host01 systemd-shutdown[1]: Sending SIGTERM to remaining processes...
Oct 10 13:41:28 host01 systemd-journald[616]: Received SIGTERM from PID 1 (systemd-shutdow).
Oct 10 13:41:28 host01 systemd-journald[616]: Journal stopped
Oct 10 13:41:35 localhost kernel: Linux version 7.0.0-34-generic (buildd@lcy02-amd64-082) (x86_64-linux-gnu-gcc (Ubuntu 15.2.0-16ubuntu1) 15.2.0, GNU ld (GNU Binutils for Ubuntu) 2.46) #34-Ubuntu SMP PREEMPT_DYNAMIC Wed Sep  2 14:29:37 UTC 2026 (Ubuntu 7.0.0-34.34-generic 7.0.14)
Oct 10 13:41:35 localhost kernel: Command line: BOOT_IMAGE=/vmlinuz-7.0.0-34-generic root=LABEL=cloudimg-rootfs ro console=tty1 console=ttyS0
Oct 10 13:41:35 localhost kernel: KERNEL supported cpus:
Oct 10 13:41:35 localhost kernel:   Intel GenuineIntel
Oct 10 13:41:35 localhost kernel:   AMD AuthenticAMD
Oct 10 13:41:35 localhost kernel:   Hygon HygonGenuine
Oct 10 13:41:35 localhost kernel:   Centaur CentaurHauls
Oct 10 13:41:35 localhost kernel:   zhaoxin   Shanghai  
Oct 10 13:41:35 localhost kernel: BIOS-provided physical RAM map:
Oct 10 13:41:35 localhost kernel: BIOS-e820: [mem 0x0000000000000000-0x000000000009fbff]  System RAM
Oct 10 13:41:35 localhost kernel: BIOS-e820: [mem 0x000000000009fc00-0x000000000009ffff]  device reserved
Oct 10 13:41:35 localhost kernel: BIOS-e820: [gap 0x00000000000a0000-0x00000000000effff]
Oct 10 13:41:35 localhost kernel: BIOS-e820: [mem 0x00000000000f0000-0x00000000000fffff]  device reserved
Oct 10 13:41:35 localhost kernel: BIOS-e820: [mem 0x0000000000100000-0x000000007ffd5fff]  System RAM
Oct 10 13:41:35 localhost kernel: BIOS-e820: [mem 0x000000007ffd6000-0x000000007fffffff]  device reserved
Oct 10 13:41:35 localhost kernel: BIOS-e820: [gap 0x0000000080000000-0x00000000afffffff]
Oct 10 13:41:35 localhost kernel: BIOS-e820: [mem 0x00000000b0000000-0x00000000bfffffff]  device reserved
Oct 10 13:41:35 localhost kernel: BIOS-e820: [gap 0x00000000c0000000-0x00000000fed1bfff]
Oct 10 13:41:35 localhost kernel: BIOS-e820: [mem 0x00000000fed1c000-0x00000000fed1ffff]  device reserved
Oct 10 13:41:35 localhost kernel: BIOS-e820: [gap 0x00000000fed20000-0x00000000feffbfff]
Oct 10 13:41:35 localhost kernel: BIOS-e820: [mem 0x00000000feffc000-0x00000000feffffff]  device reserved
Oct 10 13:41:35 localhost kernel: BIOS-e820: [gap 0x00000000ff000000-0x00000000fffbffff]
Oct 10 13:41:35 localhost kernel: BIOS-e820: [mem 0x00000000fffc0000-0x00000000ffffffff]  device reserved
Oct 10 13:41:35 localhost kernel: BIOS-e820: [gap 0x0000000100000000-0x000000fcffffffff]
Oct 10 13:41:35 localhost kernel: BIOS-e820: [mem 0x000000fd00000000-0x000000ffffffffff]  device reserved
Oct 10 13:41:35 localhost kernel: NX (Execute Disable) protection: active
Oct 10 13:41:35 localhost kernel: APIC: Static calls initialized
Oct 10 13:41:35 localhost kernel: SMBIOS 3.0.0 present.
Oct 10 13:41:35 localhost kernel: DMI: QEMU Standard PC (Q35 + ICH9, 2009), BIOS 1.16.3-debian-1.16.3-2 04/01/2014
Oct 10 13:41:35 localhost kernel: DMI: Memory slots populated: 1/1
Oct 10 13:41:35 localhost kernel: Hypervisor detected: KVM
Oct 10 13:41:35 localhost kernel: last_pfn = 0x7ffd6 max_arch_pfn = 0x400000000
Oct 10 13:41:35 localhost kernel: kvm-clock: Using msrs 4b564d01 and 4b564d00
Oct 10 13:41:35 localhost kernel: kvm-clock: using sched offset of 89380573875 cycles
Oct 10 13:41:35 localhost kernel: clocksource: kvm-clock: mask: 0xffffffffffffffff max_cycles: 0x1cd42e4dffb, max_idle_ns: 881590591483 ns
Oct 10 13:41:35 localhost kernel: tsc: Detected 2445.424 MHz processor
Oct 10 13:41:35 localhost kernel: e820: update [mem 0x00000000-0x00000fff] System RAM ==> device reserved
Oct 10 13:41:35 localhost kernel: e820: remove [mem 0x000a0000-0x000fffff] System RAM
Oct 10 13:41:35 localhost kernel: last_pfn = 0x7ffd6 max_arch_pfn = 0x400000000
Oct 10 13:41:35 localhost kernel: MTRR map: 4 entries (3 fixed + 1 variable; max 19), built from 8 variable MTRRs
Oct 10 13:41:35 localhost kernel: x86/PAT: Configuration [0-7]: WB  WC  UC- UC  WB  WP  UC- WT  
Oct 10 13:41:35 localhost kernel: found SMP MP-table at [mem 0x000f5460-0x000f546f]
Oct 10 13:41:35 localhost kernel: Using GB pages for direct mapping
Oct 10 13:41:35 localhost kernel: RAMDISK: [mem 0x2f66d000-0x33b2dfff]
Oct 10 13:41:35 localhost kernel: ACPI: Early table checksum verification disabled
Oct 10 13:41:35 localhost kernel: ACPI: RSDP 0x00000000000F52A0 000014 (v00 BOCHS )
Oct 10 13:41:35 localhost kernel: ACPI: RSDT 0x000000007FFE239C 000038 (v01 BOCHS  BXPC     00000001 BXPC 00000001)
Oct 10 13:41:35 localhost kernel: ACPI: FACP 0x000000007FFE218C 0000F4 (v03 BOCHS  BXPC     00000001 BXPC 00000001)
Oct 10 13:41:35 localhost kernel: ACPI: DSDT 0x000000007FFE0040 00214C (v01 BOCHS  BXPC     00000001 BXPC 00000001)
Oct 10 13:41:35 localhost kernel: ACPI: FACS 0x000000007FFE0000 000040
Oct 10 13:41:35 localhost kernel: ACPI: APIC 0x000000007FFE2280 000080 (v03 BOCHS  BXPC     00000001 BXPC 00000001)
Oct 10 13:41:35 localhost kernel: ACPI: HPET 0x000000007FFE2300 000038 (v01 BOCHS  BXPC     00000001 BXPC 00000001)
Oct 10 13:41:35 localhost kernel: ACPI: MCFG 0x000000007FFE2338 00003C (v01 BOCHS  BXPC     00000001 BXPC 00000001)
Oct 10 13:41:35 localhost kernel: ACPI: WAET 0x000000007FFE2374 000028 (v01 BOCHS  BXPC     00000001 BXPC 00000001)
Oct 10 13:41:35 localhost kernel: ACPI: Reserving FACP table memory at [mem 0x7ffe218c-0x7ffe227f]
Oct 10 13:41:35 localhost kernel: ACPI: Reserving DSDT table memory at [mem 0x7ffe0040-0x7ffe218b]
Oct 10 13:41:35 localhost kernel: ACPI: Reserving FACS table memory at [mem 0x7ffe0000-0x7ffe003f]
Oct 10 13:41:35 localhost kernel: ACPI: Reserving APIC table memory at [mem 0x7ffe2280-0x7ffe22ff]
Oct 10 13:41:35 localhost kernel: ACPI: Reserving HPET table memory at [mem 0x7ffe2300-0x7ffe2337]
Oct 10 13:41:35 localhost kernel: ACPI: Reserving MCFG table memory at [mem 0x7ffe2338-0x7ffe2373]
Oct 10 13:41:35 localhost kernel: ACPI: Reserving WAET table memory at [mem 0x7ffe2374-0x7ffe239b]
Oct 10 13:41:35 localhost kernel: No NUMA configuration found
Oct 10 13:41:35 localhost kernel: Faking a node at [mem 0x0000000000000000-0x000000007ffd5fff]
Oct 10 13:41:35 localhost kernel: NODE_DATA(0) allocated [mem 0x7ffab280-0x7ffd5fff]
Oct 10 13:41:35 localhost kernel: ACPI: PM-Timer IO Port: 0x608
Oct 10 13:41:35 localhost kernel: ACPI: LAPIC_NMI (acpi_id[0xff] dfl dfl lint[0x1])
Oct 10 13:41:35 localhost kernel: IOAPIC[0]: apic_id 0, version 17, address 0xfec00000, GSI 0-23
Oct 10 13:41:35 localhost kernel: ACPI: INT_SRC_OVR (bus 0 bus_irq 0 global_irq 2 dfl dfl)
Oct 10 13:41:35 localhost kernel: ACPI: INT_SRC_OVR (bus 0 bus_irq 5 global_irq 5 high level)
Oct 10 13:41:35 localhost kernel: ACPI: INT_SRC_OVR (bus 0 bus_irq 9 global_irq 9 high level)
Oct 10 13:41:35 localhost kernel: ACPI: INT_SRC_OVR (bus 0 bus_irq 10 global_irq 10 high level)
Oct 10 13:41:35 localhost kernel: ACPI: INT_SRC_OVR (bus 0 bus_irq 11 global_irq 11 high level)
Oct 10 13:41:35 localhost kernel: ACPI: Using ACPI (MADT) for SMP configuration information
Oct 10 13:41:35 localhost kernel: ACPI: HPET id: 0x8086a201 base: 0xfed00000
Oct 10 13:41:35 localhost kernel: TSC deadline timer available
Oct 10 13:41:35 localhost kernel: CPU topo: Max. logical packages:   1
Oct 10 13:41:35 localhost kernel: CPU topo: Max. logical nodes:      1
Oct 10 13:41:35 localhost kernel: CPU topo: Num. nodes per package:  1
Oct 10 13:41:35 localhost kernel: CPU topo: Max. logical dies:       1
Oct 10 13:41:35 localhost kernel: CPU topo: Max. dies per package:   1
Oct 10 13:41:35 localhost kernel: CPU topo: Max. threads per core:   1
Oct 10 13:41:35 localhost kernel: CPU topo: Num. cores per package:     2
Oct 10 13:41:35 localhost kernel: CPU topo: Num. threads per package:   2
Oct 10 13:41:35 localhost kernel: CPU topo: Allowing 2 present CPUs plus 0 hotplug CPUs
Oct 10 13:41:35 localhost kernel: kvm-guest: APIC: eoi() replaced with kvm_guest_apic_eoi_write()
Oct 10 13:41:35 localhost kernel: kvm-guest: KVM setup pv remote TLB flush
Oct 10 13:41:35 localhost kernel: kvm-guest: setup PV sched yield
Oct 10 13:41:35 localhost kernel: PM: hibernation: Registered nosave memory: [mem 0x00000000-0x00000fff]
Oct 10 13:41:35 localhost kernel: PM: hibernation: Registered nosave memory: [mem 0x0009f000-0x000fffff]
Oct 10 13:41:35 localhost kernel: [gap 0xc0000000-0xfed1bfff] available for PCI devices
Oct 10 13:41:35 localhost kernel: Booting paravirtualized kernel on KVM
Oct 10 13:41:35 localhost kernel: clocksource: refined-jiffies: mask: 0xffffffff max_cycles: 0xffffffff, max_idle_ns: 1910969940391419 ns
Oct 10 13:41:35 localhost kernel: Zone ranges:
Oct 10 13:41:35 localhost kernel:   DMA      [mem 0x0000000000001000-0x0000000000ffffff]
Oct 10 13:41:35 localhost kernel:   DMA32    [mem 0x0000000001000000-0x000000007ffd5fff]
Oct 10 13:41:35 localhost kernel:   Normal   empty
Oct 10 13:41:35 localhost kernel:   Device   empty
Oct 10 13:41:35 localhost kernel: Movable zone start for each node
Oct 10 13:41:35 localhost kernel: Early memory node ranges
Oct 10 13:41:35 localhost kernel:   node   0: [mem 0x0000000000001000-0x000000000009efff]
Oct 10 13:41:35 localhost kernel:   node   0: [mem 0x0000000000100000-0x000000007ffd5fff]
Oct 10 13:41:35 localhost kernel: Initmem setup node 0 [mem 0x0000000000001000-0x000000007ffd5fff]
Oct 10 13:41:35 localhost kernel: On node 0, zone DMA: 1 pages in unavailable ranges
Oct 10 13:41:35 localhost kernel: On node 0, zone DMA: 97 pages in unavailable ranges
Oct 10 13:41:35 localhost kernel: On node 0, zone DMA32: 42 pages in unavailable ranges
Oct 10 13:41:35 localhost kernel: setup_percpu: NR_CPUS:8192 nr_cpumask_bits:2 nr_cpu_ids:2 nr_node_ids:1
Oct 10 13:41:35 localhost kernel: percpu: Embedded 85 pages/cpu s225280 r8192 d114688 u1048576
Oct 10 13:41:35 localhost kernel: pcpu-alloc: s225280 r8192 d114688 u1048576 alloc=1*2097152
Oct 10 13:41:35 localhost kernel: pcpu-alloc: [0] 0 1 
Oct 10 13:41:35 localhost kernel: kvm-guest: PV spinlocks enabled
Oct 10 13:41:35 localhost kernel: PV qspinlock hash table entries: 256 (order: 0, 4096 bytes, linear)
Oct 10 13:41:35 localhost kernel: Kernel command line: BOOT_IMAGE=/vmlinuz-7.0.0-34-generic root=LABEL=cloudimg-rootfs ro console=tty1 console=ttyS0
Oct 10 13:41:35 localhost kernel: random: crng init done
Oct 10 13:41:35 localhost kernel: printk: log buffer data + meta data: 262144 + 1114112 = 1376256 bytes
Oct 10 13:41:35 localhost kernel: Dentry cache hash table entries: 262144 (order: 9, 2097152 bytes, linear)
Oct 10 13:41:35 localhost kernel: Inode-cache hash table entries: 131072 (order: 8, 1048576 bytes, linear)
Oct 10 13:41:35 localhost kernel: Fallback order for Node 0: 0 
Oct 10 13:41:35 localhost kernel: Built 1 zonelists, mobility grouping on.  Total pages: 524148
Oct 10 13:41:35 localhost kernel: Policy zone: DMA32
Oct 10 13:41:35 localhost kernel: mem auto-init: stack:all(zero), heap alloc:on, heap free:off
Oct 10 13:41:35 localhost kernel: SLUB: HWalign=64, Order=0-3, MinObjects=0, CPUs=2, Nodes=1
Oct 10 13:41:35 localhost kernel: ftrace: allocating 63958 entries in 252 pages
Oct 10 13:41:35 localhost kernel: ftrace: allocated 252 pages with 6 groups
Oct 10 13:41:35 localhost kernel: Dynamic Preempt: lazy
Oct 10 13:41:35 localhost kernel: rcu: Preemptible hierarchical RCU implementation.
Oct 10 13:41:35 localhost kernel: rcu:         RCU restricting CPUs from NR_CPUS=8192 to nr_cpu_ids=2.
Oct 10 13:41:35 localhost kernel:         Trampoline variant of Tasks RCU enabled.
Oct 10 13:41:35 localhost kernel:         Rude variant of Tasks RCU enabled.
Oct 10 13:41:35 localhost kernel:         Tracing variant of Tasks RCU enabled.
Oct 10 13:41:35 localhost kernel: rcu: RCU calculated value of scheduler-enlistment delay is 100 jiffies.
Oct 10 13:41:35 localhost kernel: rcu: Adjusting geometry for rcu_fanout_leaf=16, nr_cpu_ids=2
Oct 10 13:41:35 localhost kernel: RCU Tasks: Setting shift to 1 and lim to 1 rcu_task_cb_adjust=1 rcu_task_cpu_ids=2.
Oct 10 13:41:35 localhost kernel: RCU Tasks Rude: Setting shift to 1 and lim to 1 rcu_task_cb_adjust=1 rcu_task_cpu_ids=2.
Oct 10 13:41:35 localhost kernel: NR_IRQS: 524544, nr_irqs: 440, preallocated irqs: 16
Oct 10 13:41:35 localhost kernel: rcu: srcu_init: Setting srcu_struct sizes based on contention.
Oct 10 13:41:35 localhost kernel: clocksource: jiffies: mask: 0xffffffff max_cycles: 0xffffffff, max_idle_ns: 1911260446275000 ns
Oct 10 13:41:35 localhost kernel: Console: colour VGA+ 80x25
Oct 10 13:41:35 localhost kernel: printk: legacy console [tty1] enabled
Oct 10 13:41:35 localhost kernel: printk: console [ttyS0] enabled
Oct 10 13:41:35 localhost kernel: ACPI: Core revision 20251212
Oct 10 13:41:35 localhost kernel: clocksource: hpet: mask: 0xffffffff max_cycles: 0xffffffff, max_idle_ns: 19112604467 ns
Oct 10 13:41:35 localhost kernel: APIC: Switch to symmetric I/O mode setup
Oct 10 13:41:35 localhost kernel: x2apic enabled
Oct 10 13:41:35 localhost kernel: APIC: Switched APIC routing to: physical x2apic
Oct 10 13:41:35 localhost kernel: kvm-guest: APIC: send_IPI_mask() replaced with kvm_send_ipi_mask()
Oct 10 13:41:35 localhost kernel: kvm-guest: APIC: send_IPI_mask_allbutself() replaced with kvm_send_ipi_mask_allbutself()
Oct 10 13:41:35 localhost kernel: kvm-guest: setup PV IPIs
Oct 10 13:41:35 localhost kernel: ..TIMER: vector=0x30 apic1=0 pin1=2 apic2=-1 pin2=-1
Oct 10 13:41:35 localhost kernel: clocksource: tsc-early: mask: 0xffffffffffffffff max_cycles: 0x233fd5e8294, max_idle_ns: 440795237246 ns
Oct 10 13:41:35 localhost kernel: Calibrating delay loop (skipped) preset value.. 4890.84 BogoMIPS (lpj=2445424)
Oct 10 13:41:35 localhost kernel: x86/cpu: User Mode Instruction Prevention (UMIP) activated
Oct 10 13:41:35 localhost kernel: Last level iTLB entries: 4KB 512, 2MB 255, 4MB 127
Oct 10 13:41:35 localhost kernel: Last level dTLB entries: 4KB 512, 2MB 255, 4MB 127, 1GB 0
Oct 10 13:41:35 localhost kernel: mitigations: Enabled attack vectors: user_kernel, user_user, guest_host, guest_guest, SMT mitigations: auto
Oct 10 13:41:35 localhost kernel: Speculative Store Bypass: Vulnerable
Oct 10 13:41:35 localhost kernel: Speculative Return Stack Overflow: IBPB-extending microcode not applied!
Oct 10 13:41:35 localhost kernel: Speculative Return Stack Overflow: WARNING: See https://kernel.org/doc/html/latest/admin-guide/hw-vuln/srso.html for mitigation options.
Oct 10 13:41:35 localhost kernel: Transient Scheduler Attacks: Vulnerable: No microcode
Oct 10 13:41:35 localhost kernel: Spectre V2 : Mitigation: Retpolines
Oct 10 13:41:35 localhost kernel: Speculative Return Stack Overflow: Vulnerable: Safe RET, no microcode
Oct 10 13:41:35 localhost kernel: Spectre V1 : Mitigation: usercopy/swapgs barriers and __user pointer sanitization
Oct 10 13:41:35 localhost kernel: Spectre V2 : Spectre v2 / SpectreRSB: Filling RSB on context switch and VMEXIT
Oct 10 13:41:35 localhost kernel: active return thunk: srso_alias_return_thunk
Oct 10 13:41:35 localhost kernel: x86/fpu: Supporting XSAVE feature 0x001: 'x87 floating point registers'
Oct 10 13:41:35 localhost kernel: x86/fpu: Supporting XSAVE feature 0x002: 'SSE registers'
Oct 10 13:41:35 localhost kernel: x86/fpu: Supporting XSAVE feature 0x004: 'AVX registers'
Oct 10 13:41:35 localhost kernel: x86/fpu: xstate_offset[2]:  576, xstate_sizes[2]:  256
Oct 10 13:41:35 localhost kernel: x86/fpu: Enabled xstate features 0x7, context size is 832 bytes, using 'compacted' format.
Oct 10 13:41:35 localhost kernel: Freeing SMP alternatives memory: 56K
Oct 10 13:41:35 localhost kernel: pid_max: default: 32768 minimum: 301
Oct 10 13:41:35 localhost kernel: landlock: Up and running.
Oct 10 13:41:35 localhost kernel: Yama: becoming mindful.
Oct 10 13:41:35 localhost kernel: AppArmor: AppArmor initialized
Oct 10 13:41:35 localhost kernel: AppArmor: AppArmor secmark mediation reserved: ready to be enabled
Oct 10 13:41:35 localhost kernel: Mount-cache hash table entries: 4096 (order: 3, 32768 bytes, linear)
Oct 10 13:41:35 localhost kernel: Mountpoint-cache hash table entries: 4096 (order: 3, 32768 bytes, linear)
Oct 10 13:41:35 localhost kernel: VFS: Finished mounting rootfs on nullfs
Oct 10 13:41:35 localhost kernel: smpboot: CPU0: AMD EPYC 7763 64-Core Processor (family: 0x19, model: 0x1, stepping: 0x1)
Oct 10 13:41:35 localhost kernel: Performance Events: PMU not available due to virtualization, using software events only.
Oct 10 13:41:35 localhost kernel: signal: max sigframe size: 1776
Oct 10 13:41:35 localhost kernel: rcu: Hierarchical SRCU implementation.
Oct 10 13:41:35 localhost kernel: rcu:         Max phase no-delay instances is 400.
Oct 10 13:41:35 localhost kernel: Timer migration: 1 hierarchy levels; 8 children per group; 1 crossnode level
Oct 10 13:41:35 localhost kernel: NMI watchdog: Perf NMI watchdog permanently disabled
Oct 10 13:41:35 localhost kernel: smp: Bringing up secondary CPUs ...
Oct 10 13:41:35 localhost kernel: smpboot: x86: Booting SMP configuration:
Oct 10 13:41:35 localhost kernel: .... node  #0, CPUs:      #1
Oct 10 13:41:35 localhost kernel: smp: Brought up 1 node, 2 CPUs
Oct 10 13:41:35 localhost kernel: smpboot: Total of 2 processors activated (9781.69 BogoMIPS)
Oct 10 13:41:35 localhost kernel: Memory: 1261256K/2096592K available (23807K kernel code, 4952K rwdata, 16764K rodata, 5292K init, 5856K bss, 828708K reserved, 0K cma-reserved)
Oct 10 13:41:35 localhost kernel: devtmpfs: initialized
Oct 10 13:41:35 localhost kernel: x86/mm: Memory block size: 128MB
Oct 10 13:41:35 localhost kernel: posixtimers hash table entries: 1024 (order: 2, 16384 bytes, linear)
Oct 10 13:41:35 localhost kernel: futex hash table entries: 512 (32768 bytes on 1 NUMA nodes, total 32 KiB, linear).
Oct 10 13:41:35 localhost kernel: PM: RTC time: 13:41:33, date: 2026-10-10
Oct 10 13:41:35 localhost kernel: NET: Registered PF_NETLINK/PF_ROUTE protocol family
Oct 10 13:41:35 localhost kernel: DMA: preallocated 256 KiB GFP_KERNEL|GFP_DMA pool for atomic allocations
Oct 10 13:41:35 localhost kernel: DMA: preallocated 256 KiB GFP_KERNEL|GFP_DMA32 pool for atomic allocations
Oct 10 13:41:35 localhost kernel: audit: initializing netlink subsys (disabled)
Oct 10 13:41:35 localhost kernel: audit: type=2000 audit(1791639692.304:1): state=initialized audit_enabled=0 res=1
Oct 10 13:41:35 localhost kernel: thermal_sys: Registered thermal governor 'fair_share'
Oct 10 13:41:35 localhost kernel: thermal_sys: Registered thermal governor 'bang_bang'
Oct 10 13:41:35 localhost kernel: thermal_sys: Registered thermal governor 'step_wise'
Oct 10 13:41:35 localhost kernel: thermal_sys: Registered thermal governor 'user_space'
Oct 10 13:41:35 localhost kernel: thermal_sys: Registered thermal governor 'power_allocator'
Oct 10 13:41:35 localhost kernel: cpuidle: using governor ladder
Oct 10 13:41:35 localhost kernel: cpuidle: using governor menu
Oct 10 13:41:35 localhost kernel: acpiphp: ACPI Hot Plug PCI Controller Driver version: 0.5
Oct 10 13:41:35 localhost kernel: PCI: ECAM [mem 0xb0000000-0xbfffffff] (base 0xb0000000) for domain 0000 [bus 00-ff]
Oct 10 13:41:35 localhost kernel: PCI: ECAM [mem 0xb0000000-0xbfffffff] reserved as E820 entry
Oct 10 13:41:35 localhost kernel: PCI: Using configuration type 1 for base access
Oct 10 13:41:35 localhost kernel: kprobes: kprobe jump-optimization is enabled. All kprobes are optimized if possible.
Oct 10 13:41:35 localhost kernel: HugeTLB: registered 1.00 GiB page size, pre-allocated 0 pages
Oct 10 13:41:35 localhost kernel: HugeTLB: 16380 KiB vmemmap can be freed for a 1.00 GiB page
Oct 10 13:41:35 localhost kernel: HugeTLB: registered 2.00 MiB page size, pre-allocated 0 pages
Oct 10 13:41:35 localhost kernel: HugeTLB: 28 KiB vmemmap can be freed for a 2.00 MiB page
Oct 10 13:41:35 localhost kernel: ACPI: Added _OSI(Module Device)
Oct 10 13:41:35 localhost kernel: ACPI: Added _OSI(Processor Device)
Oct 10 13:41:35 localhost kernel: ACPI: Added _OSI(Processor Aggregator Device)
Oct 10 13:41:35 localhost kernel: ACPI: 1 ACPI AML tables successfully acquired and loaded
Oct 10 13:41:35 localhost kernel: ACPI: \_SB_: platform _OSC: OS support mask [006e7eff]
Oct 10 13:41:35 localhost kernel: ACPI: Interpreter enabled
Oct 10 13:41:35 localhost kernel: ACPI: PM: (supports S0 S3 S4 S5)
Oct 10 13:41:35 localhost kernel: ACPI: Using IOAPIC for interrupt routing
Oct 10 13:41:35 localhost kernel: PCI: Using host bridge windows from ACPI; if necessary, use "pci=nocrs" and report a bug
Oct 10 13:41:35 localhost kernel: PCI: Using E820 reservations for host bridge windows
Oct 10 13:41:35 localhost kernel: ACPI: Enabled 2 GPEs in block 00 to 3F
Oct 10 13:41:35 localhost kernel: ACPI: PCI Root Bridge [PCI0] (domain 0000 [bus 00-ff])
Oct 10 13:41:35 localhost kernel: acpi PNP0A08:00: _OSC: OS supports [ExtendedConfig ASPM ClockPM Segments MSI EDR HPX-Type3]
Oct 10 13:41:35 localhost kernel: acpi PNP0A08:00: _OSC: platform does not support [PCIeHotplug LTR DPC]
Oct 10 13:41:35 localhost kernel: acpi PNP0A08:00: _OSC: OS now controls [SHPCHotplug PME AER PCIeCapability]
Oct 10 13:41:35 localhost kernel: PCI host bridge to bus 0000:00
Oct 10 13:41:35 localhost kernel: pci_bus 0000:00: root bus resource [io  0x0000-0x0cf7 window]
Oct 10 13:41:35 localhost kernel: pci_bus 0000:00: root bus resource [io  0x0d00-0xffff window]
Oct 10 13:41:35 localhost kernel: pci_bus 0000:00: root bus resource [mem 0x000a0000-0x000bffff window]
Oct 10 13:41:35 localhost kernel: pci_bus 0000:00: root bus resource [mem 0x80000000-0xafffffff window]
Oct 10 13:41:35 localhost kernel: pci_bus 0000:00: root bus resource [mem 0xc0000000-0xfebfffff window]
Oct 10 13:41:35 localhost kernel: pci_bus 0000:00: root bus resource [mem 0x100000000-0x8ffffffff window]
Oct 10 13:41:35 localhost kernel: pci_bus 0000:00: root bus resource [bus 00-ff]
Oct 10 13:41:35 localhost kernel: pci 0000:00:00.0: [8086:29c0] type 00 class 0x060000 conventional PCI endpoint
Oct 10 13:41:35 localhost kernel: pci 0000:00:01.0: [1234:1111] type 00 class 0x030000 conventional PCI endpoint
Oct 10 13:41:35 localhost kernel: pci 0000:00:01.0: BAR 0 [mem 0xfd000000-0xfdffffff pref]
Oct 10 13:41:35 localhost kernel: pci 0000:00:01.0: BAR 2 [mem 0xfeb90000-0xfeb90fff]
Oct 10 13:41:35 localhost kernel: pci 0000:00:01.0: ROM [mem 0xfeb80000-0xfeb8ffff pref]
Oct 10 13:41:35 localhost kernel: pci 0000:00:01.0: Video device with shadowed ROM at [mem 0x000c0000-0x000dffff]
Oct 10 13:41:35 localhost kernel: pci 0000:00:02.0: [1af4:1001] type 00 class 0x010000 conventional PCI endpoint
Oct 10 13:41:35 localhost kernel: pci 0000:00:02.0: BAR 0 [io  0xc000-0xc07f]
Oct 10 13:41:35 localhost kernel: pci 0000:00:02.0: BAR 1 [mem 0xfeb91000-0xfeb91fff]
Oct 10 13:41:35 localhost kernel: pci 0000:00:02.0: BAR 4 [mem 0xfe000000-0xfe003fff 64bit pref]
Oct 10 13:41:35 localhost kernel: pci 0000:00:03.0: [1af4:1001] type 00 class 0x010000 conventional PCI endpoint
Oct 10 13:41:35 localhost kernel: pci 0000:00:03.0: BAR 0 [io  0xc080-0xc0ff]
Oct 10 13:41:35 localhost kernel: pci 0000:00:03.0: BAR 1 [mem 0xfeb92000-0xfeb92fff]
Oct 10 13:41:35 localhost kernel: pci 0000:00:03.0: BAR 4 [mem 0xfe004000-0xfe007fff 64bit pref]
Oct 10 13:41:35 localhost kernel: pci 0000:00:04.0: [1af4:1000] type 00 class 0x020000 conventional PCI endpoint
Oct 10 13:41:35 localhost kernel: pci 0000:00:04.0: BAR 0 [io  0xc1c0-0xc1df]
Oct 10 13:41:35 localhost kernel: pci 0000:00:04.0: BAR 1 [mem 0xfeb93000-0xfeb93fff]
Oct 10 13:41:35 localhost kernel: pci 0000:00:04.0: BAR 4 [mem 0xfe008000-0xfe00bfff 64bit pref]
Oct 10 13:41:35 localhost kernel: pci 0000:00:04.0: ROM [mem 0xfeb00000-0xfeb7ffff pref]
Oct 10 13:41:35 localhost kernel: pci 0000:00:05.0: [1af4:1001] type 00 class 0x010000 conventional PCI endpoint
Oct 10 13:41:35 localhost kernel: pci 0000:00:05.0: BAR 0 [io  0xc100-0xc17f]
Oct 10 13:41:35 localhost kernel: pci 0000:00:05.0: BAR 1 [mem 0xfeb94000-0xfeb94fff]
Oct 10 13:41:35 localhost kernel: pci 0000:00:05.0: BAR 4 [mem 0xfe00c000-0xfe00ffff 64bit pref]
Oct 10 13:41:35 localhost kernel: pci 0000:00:1f.0: [8086:2918] type 00 class 0x060100 conventional PCI endpoint
Oct 10 13:41:35 localhost kernel: pci 0000:00:1f.0: quirk: [io  0x0600-0x067f] claimed by ICH6 ACPI/GPIO/TCO
Oct 10 13:41:35 localhost kernel: pci 0000:00:1f.2: [8086:2922] type 00 class 0x010601 conventional PCI endpoint
Oct 10 13:41:35 localhost kernel: pci 0000:00:1f.2: BAR 4 [io  0xc1e0-0xc1ff]
Oct 10 13:41:35 localhost kernel: pci 0000:00:1f.2: BAR 5 [mem 0xfeb95000-0xfeb95fff]
Oct 10 13:41:35 localhost kernel: pci 0000:00:1f.3: [8086:2930] type 00 class 0x0c0500 conventional PCI endpoint
Oct 10 13:41:35 localhost kernel: pci 0000:00:1f.3: BAR 4 [io  0x0700-0x073f]
Oct 10 13:41:35 localhost kernel: ACPI: PCI: Interrupt link LNKA configured for IRQ 10
Oct 10 13:41:35 localhost kernel: ACPI: PCI: Interrupt link LNKB configured for IRQ 10
Oct 10 13:41:35 localhost kernel: ACPI: PCI: Interrupt link LNKC configured for IRQ 11
Oct 10 13:41:35 localhost kernel: ACPI: PCI: Interrupt link LNKD configured for IRQ 11
Oct 10 13:41:35 localhost kernel: ACPI: PCI: Interrupt link LNKE configured for IRQ 10
Oct 10 13:41:35 localhost kernel: ACPI: PCI: Interrupt link LNKF configured for IRQ 10
Oct 10 13:41:35 localhost kernel: ACPI: PCI: Interrupt link LNKG configured for IRQ 11
Oct 10 13:41:35 localhost kernel: ACPI: PCI: Interrupt link LNKH configured for IRQ 11
Oct 10 13:41:35 localhost kernel: ACPI: PCI: Interrupt link GSIA configured for IRQ 16
Oct 10 13:41:35 localhost kernel: ACPI: PCI: Interrupt link GSIB configured for IRQ 17
Oct 10 13:41:35 localhost kernel: ACPI: PCI: Interrupt link GSIC configured for IRQ 18
Oct 10 13:41:35 localhost kernel: ACPI: PCI: Interrupt link GSID configured for IRQ 19
Oct 10 13:41:35 localhost kernel: ACPI: PCI: Interrupt link GSIE configured for IRQ 20
Oct 10 13:41:35 localhost kernel: ACPI: PCI: Interrupt link GSIF configured for IRQ 21
Oct 10 13:41:35 localhost kernel: ACPI: PCI: Interrupt link GSIG configured for IRQ 22
Oct 10 13:41:35 localhost kernel: ACPI: PCI: Interrupt link GSIH configured for IRQ 23
Oct 10 13:41:35 localhost kernel: iommu: Default domain type: Translated
Oct 10 13:41:35 localhost kernel: iommu: DMA domain TLB invalidation policy: lazy mode
Oct 10 13:41:35 localhost kernel: SCSI subsystem initialized
Oct 10 13:41:35 localhost kernel: libata version 3.00 loaded.
Oct 10 13:41:35 localhost kernel: ACPI: bus type USB registered
Oct 10 13:41:35 localhost kernel: usbcore: registered new interface driver usbfs
Oct 10 13:41:35 localhost kernel: usbcore: registered new interface driver hub
Oct 10 13:41:35 localhost kernel: usbcore: registered new device driver usb
Oct 10 13:41:35 localhost kernel: pps_core: LinuxPPS API ver. 1 registered
Oct 10 13:41:35 localhost kernel: pps_core: Software ver. 5.3.6 - Copyright 2005-2007 Rodolfo Giometti <giometti@linux.it>
Oct 10 13:41:35 localhost kernel: PTP clock support registered
Oct 10 13:41:35 localhost kernel: EDAC MC: Ver: 3.0.0
Oct 10 13:41:35 localhost kernel: NetLabel: Initializing
Oct 10 13:41:35 localhost kernel: NetLabel:  domain hash size = 128
Oct 10 13:41:35 localhost kernel: NetLabel:  protocols = UNLABELED CIPSOv4 CALIPSO
Oct 10 13:41:35 localhost kernel: NetLabel:  unlabeled traffic allowed by default
Oct 10 13:41:35 localhost kernel: mctp: management component transport protocol core
Oct 10 13:41:35 localhost kernel: NET: Registered PF_MCTP protocol family
Oct 10 13:41:35 localhost kernel: PCI: Using ACPI for IRQ routing
Oct 10 13:41:35 localhost kernel: PCI: pci_cache_line_size set to 64 bytes
Oct 10 13:41:35 localhost kernel: e820: register RAM buffer resource [mem 0x0009fc00-0x0009ffff]
Oct 10 13:41:35 localhost kernel: e820: register RAM buffer resource [mem 0x7ffd6000-0x7fffffff]
Oct 10 13:41:35 localhost kernel: pci 0000:00:01.0: vgaarb: setting as boot VGA device
Oct 10 13:41:35 localhost kernel: pci 0000:00:01.0: vgaarb: bridge control possible
Oct 10 13:41:35 localhost kernel: pci 0000:00:01.0: vgaarb: VGA device added: decodes=io+mem,owns=io+mem,locks=none
Oct 10 13:41:35 localhost kernel: vgaarb: loaded
Oct 10 13:41:35 localhost kernel: hpet0: at MMIO 0xfed00000, IRQs 2, 8, 0
Oct 10 13:41:35 localhost kernel: hpet0: 3 comparators, 64-bit 100.000000 MHz counter
Oct 10 13:41:35 localhost kernel: clocksource: Switched to clocksource kvm-clock
Oct 10 13:41:35 localhost kernel: VFS: Disk quotas dquot_6.6.0
Oct 10 13:41:35 localhost kernel: VFS: Dquot-cache hash table entries: 512 (order 0, 4096 bytes)
Oct 10 13:41:35 localhost kernel: AppArmor: AppArmor Filesystem Enabled
Oct 10 13:41:35 localhost kernel: acpi PNP0C01:00: Reserved [mem 0xb0000000-0xbfffffff]
Oct 10 13:41:35 localhost kernel: pnp: PnP ACPI init
Oct 10 13:41:35 localhost kernel: pnp: PnP ACPI: found 5 devices
Oct 10 13:41:35 localhost kernel: clocksource: acpi_pm: mask: 0xffffff max_cycles: 0xffffff, max_idle_ns: 2085701024 ns
Oct 10 13:41:35 localhost kernel: NET: Registered PF_INET protocol family
Oct 10 13:41:35 localhost kernel: IP idents hash table entries: 32768 (order: 6, 262144 bytes, linear)
Oct 10 13:41:35 localhost kernel: tcp_listen_portaddr_hash hash table entries: 1024 (order: 2, 16384 bytes, linear)
Oct 10 13:41:35 localhost kernel: Table-perturb hash table entries: 65536 (order: 6, 262144 bytes, linear)
Oct 10 13:41:35 localhost kernel: TCP established hash table entries: 16384 (order: 5, 131072 bytes, linear)
Oct 10 13:41:35 localhost kernel: TCP bind hash table entries: 16384 (order: 7, 524288 bytes, linear)
Oct 10 13:41:35 localhost kernel: TCP: Hash tables configured (established 16384 bind 16384)
Oct 10 13:41:35 localhost kernel: MPTCP token hash table entries: 2048 (order: 4, 49152 bytes, linear)
Oct 10 13:41:35 localhost kernel: UDP hash table entries: 1024 (order: 4, 65536 bytes, linear)
Oct 10 13:41:35 localhost kernel: UDP-Lite hash table entries: 1024 (order: 4, 65536 bytes, linear)
Oct 10 13:41:35 localhost kernel: NET: Registered PF_UNIX/PF_LOCAL protocol family
Oct 10 13:41:35 localhost kernel: NET: Registered PF_XDP protocol family
Oct 10 13:41:35 localhost kernel: pci_bus 0000:00: resource 4 [io  0x0000-0x0cf7 window]
Oct 10 13:41:35 localhost kernel: pci_bus 0000:00: resource 5 [io  0x0d00-0xffff window]
Oct 10 13:41:35 localhost kernel: pci_bus 0000:00: resource 6 [mem 0x000a0000-0x000bffff window]
Oct 10 13:41:35 localhost kernel: pci_bus 0000:00: resource 7 [mem 0x80000000-0xafffffff window]
Oct 10 13:41:35 localhost kernel: pci_bus 0000:00: resource 8 [mem 0xc0000000-0xfebfffff window]
Oct 10 13:41:35 localhost kernel: pci_bus 0000:00: resource 9 [mem 0x100000000-0x8ffffffff window]
Oct 10 13:41:35 localhost kernel: PCI: CLS 0 bytes, default 64
Oct 10 13:41:35 localhost kernel: clocksource: tsc: mask: 0xffffffffffffffff max_cycles: 0x233fd5e8294, max_idle_ns: 440795237246 ns
Oct 10 13:41:35 localhost kernel: Trying to unpack rootfs image as initramfs...
Oct 10 13:41:35 localhost kernel: Initialise system trusted keyrings
Oct 10 13:41:35 localhost kernel: Key type blacklist registered
Oct 10 13:41:35 localhost kernel: workingset: timestamp_bits=36 max_order=19 bucket_order=0
Oct 10 13:41:35 localhost kernel: squashfs: version 4.0 (2009/01/31) Phillip Lougher
Oct 10 13:41:35 localhost kernel: fuse: init (API version 7.45)
Oct 10 13:41:35 localhost kernel: integrity: Platform Keyring initialized
Oct 10 13:41:35 localhost kernel: integrity: Machine keyring initialized
Oct 10 13:41:35 localhost kernel: Key type asymmetric registered
Oct 10 13:41:35 localhost kernel: Asymmetric key parser 'x509' registered
Oct 10 13:41:35 localhost kernel: Block layer SCSI generic (bsg) driver version 0.4 loaded (major 242)
Oct 10 13:41:35 localhost kernel: io scheduler mq-deadline registered
Oct 10 13:41:35 localhost kernel: ledtrig-cpu: registered to indicate activity on CPUs
Oct 10 13:41:35 localhost kernel: input: Power Button as /devices/platform/LNXPWRBN:00/input/input0
Oct 10 13:41:35 localhost kernel: ACPI: button: Power Button [PWRF]
Oct 10 13:41:35 localhost kernel: ACPI: \_SB_.GSIG: Enabled at IRQ 22
Oct 10 13:41:35 localhost kernel: ACPI: \_SB_.GSIH: Enabled at IRQ 23
Oct 10 13:41:35 localhost kernel: ACPI: \_SB_.GSIE: Enabled at IRQ 20
Oct 10 13:41:35 localhost kernel: ACPI: \_SB_.GSIF: Enabled at IRQ 21
Oct 10 13:41:35 localhost kernel: Serial: 8250/16550 driver, 32 ports, IRQ sharing enabled
Oct 10 13:41:35 localhost kernel: 00:03: ttyS0 at I/O 0x3f8 (irq = 4, base_baud = 115200) is a 16550A
Oct 10 13:41:35 localhost kernel: Linux agpgart interface v0.103
Oct 10 13:41:35 localhost kernel: loop: module loaded
Oct 10 13:41:35 localhost kernel: virtio_blk virtio0: 2/0/0 default/read/poll queues
Oct 10 13:41:35 localhost kernel: virtio_blk virtio0: [vda] 41943040 512-byte logical blocks (21.5 GB/20.0 GiB)
Oct 10 13:41:35 localhost kernel:  vda: vda1 vda13 vda14 vda15
Oct 10 13:41:35 localhost kernel: virtio_blk virtio1: 2/0/0 default/read/poll queues
Oct 10 13:41:35 localhost kernel: virtio_blk virtio1: [vdb] 131072 512-byte logical blocks (67.1 MB/64.0 MiB)
Oct 10 13:41:35 localhost kernel: virtio_blk virtio3: 2/0/0 default/read/poll queues
Oct 10 13:41:35 localhost kernel: virtio_blk virtio3: [vdc] 736 512-byte logical blocks (377 kB/368 KiB)
Oct 10 13:41:35 localhost kernel: ACPI: bus type drm_connector registered
Oct 10 13:41:35 localhost kernel: tun: Universal TUN/TAP device driver, 1.6
Oct 10 13:41:35 localhost kernel: PPP generic driver version 2.4.2
Oct 10 13:41:35 localhost kernel: i8042: PNP: PS/2 Controller [PNP0303:KBD,PNP0f13:MOU] at 0x60,0x64 irq 1,12
Oct 10 13:41:35 localhost kernel: serio: i8042 KBD port at 0x60,0x64 irq 1
Oct 10 13:41:35 localhost kernel: serio: i8042 AUX port at 0x60,0x64 irq 12
Oct 10 13:41:35 localhost kernel: mousedev: PS/2 mouse device common for all mice
Oct 10 13:41:35 localhost kernel: rtc_cmos 00:04: RTC can wake from S4
Oct 10 13:41:35 localhost kernel: rtc_cmos 00:04: registered as rtc0
Oct 10 13:41:35 localhost kernel: input: AT Translated Set 2 keyboard as /devices/platform/i8042/serio0/input/input1
Oct 10 13:41:35 localhost kernel: rtc_cmos 00:04: setting system clock to 2026-10-10T13:41:34 UTC (1791639694)
Oct 10 13:41:35 localhost kernel: rtc_cmos 00:04: alarms up to one day, y3k, 242 bytes nvram, hpet irqs
Oct 10 13:41:35 localhost kernel: i2c_dev: i2c /dev entries driver
Oct 10 13:41:35 localhost kernel: device-mapper: core: CONFIG_IMA_DISABLE_HTABLE is disabled. Duplicate IMA measurements will not be recorded in the IMA log.
Oct 10 13:41:35 localhost kernel: device-mapper: uevent: version 1.0.3
Oct 10 13:41:35 localhost kernel: device-mapper: ioctl: 4.50.0-ioctl (2025-04-28) initialised: dm-devel@lists.linux.dev
Oct 10 13:41:35 localhost kernel: amd_pstate: the _CPC object is not present in SBIOS or ACPI disabled
Oct 10 13:41:35 localhost kernel: Freeing initrd memory: 70404K
Oct 10 13:41:35 localhost kernel: drop_monitor: Initializing network drop monitor service
Oct 10 13:41:35 localhost kernel: NET: Registered PF_INET6 protocol family
Oct 10 13:41:35 localhost kernel: Segment Routing with IPv6
Oct 10 13:41:35 localhost kernel: In-situ OAM (IOAM) with IPv6
Oct 10 13:41:35 localhost kernel: NET: Registered PF_PACKET protocol family
Oct 10 13:41:35 localhost kernel: Key type dns_resolver registered
Oct 10 13:41:35 localhost kernel: IPI shorthand broadcast: enabled
Oct 10 13:41:35 localhost kernel: sched_clock: Marking stable (1329016849, 368919833)->(1850810600, -152873918)
Oct 10 13:41:35 localhost kernel: registered taskstats version 1
Oct 10 13:41:35 localhost kernel: Loading compiled-in X.509 certificates
Oct 10 13:41:35 localhost kernel: Loaded X.509 cert 'Build time autogenerated kernel key: 01b4e64ff4f6339fc0a8988bffba455bf880659a'
Oct 10 13:41:35 localhost kernel: Loaded X.509 cert 'Canonical Ltd. Live Patch Signing 2025 Kmod: d541cef61dc7e793b7eb7e899970a2eef0b5dc8c'
Oct 10 13:41:35 localhost kernel: Loaded X.509 cert 'Canonical Ltd. Live Patch Signing: 14df34d1a87cf37625abec039ef2bf521249b969'
Oct 10 13:41:35 localhost kernel: Loaded X.509 cert 'Canonical Ltd. Kernel Module Signing 2025 Kmod: 4627603d2357a2a3f81006370894c221175893e9'
Oct 10 13:41:35 localhost kernel: Loaded X.509 cert 'Canonical Ltd. Kernel Module Signing: 88f752e560a1e0737e31163a466ad7b70a850c19'
Oct 10 13:41:35 localhost kernel: blacklist: Loading compiled-in revocation X.509 certificates
Oct 10 13:41:35 localhost kernel: Loaded X.509 cert 'Canonical Ltd. Secure Boot Signing: 61482aa2830d0ab2ad5af10b7250da9033ddcef0'
Oct 10 13:41:35 localhost kernel: Loaded X.509 cert 'Canonical Ltd. Secure Boot Signing (2017): 242ade75ac4a15e50d50c84b0d45ff3eae707a03'
Oct 10 13:41:35 localhost kernel: Loaded X.509 cert 'Canonical Ltd. Secure Boot Signing (ESM 2018): 365188c1d374d6b07c3c8f240f8ef722433d6a8b'
Oct 10 13:41:35 localhost kernel: Loaded X.509 cert 'Canonical Ltd. Secure Boot Signing (2019): c0746fd6c5da3ae827864651ad66ae47fe24b3e8'
Oct 10 13:41:35 localhost kernel: Loaded X.509 cert 'Canonical Ltd. Secure Boot Signing (2021 v1): a8d54bbb3825cfb94fa13c9f8a594a195c107b8d'
Oct 10 13:41:35 localhost kernel: Loaded X.509 cert 'Canonical Ltd. Secure Boot Signing (2021 v2): 4cf046892d6fd3c9a5b03f98d845f90851dc6a8c'
Oct 10 13:41:35 localhost kernel: Loaded X.509 cert 'Canonical Ltd. Secure Boot Signing (2021 v3): 100437bb6de6e469b581e61cd66bce3ef4ed53af'
Oct 10 13:41:35 localhost kernel: Loaded X.509 cert 'Canonical Ltd. Secure Boot Signing (Ubuntu Core 2019): c1d57b8f6b743f23ee41f4f7ee292f06eecadfb9'
Oct 10 13:41:35 localhost kernel: Demotion targets for Node 0: null
Oct 10 13:41:35 localhost kernel: Key type .fscrypt registered
Oct 10 13:41:35 localhost kernel: Key type fscrypt-provisioning registered
Oct 10 13:41:35 localhost kernel: Key type big_key registered
Oct 10 13:41:35 localhost kernel: Key type encrypted registered
Oct 10 13:41:35 localhost kernel: AppArmor: AppArmor sha256 policy hashing enabled
Oct 10 13:41:35 localhost kernel: ima: No TPM chip found, activating TPM-bypass!
Oct 10 13:41:35 localhost kernel: Loading compiled-in module X.509 certificates
Oct 10 13:41:35 localhost kernel: Loaded X.509 cert 'Build time autogenerated kernel key: 01b4e64ff4f6339fc0a8988bffba455bf880659a'
Oct 10 13:41:35 localhost kernel: ima: Allocated hash algorithm: sha256
Oct 10 13:41:35 localhost kernel: ima: No architecture policies found
Oct 10 13:41:35 localhost kernel: evm: Initialising EVM extended attributes:
Oct 10 13:41:35 localhost kernel: evm: security.selinux
Oct 10 13:41:35 localhost kernel: evm: security.SMACK64
Oct 10 13:41:35 localhost kernel: evm: security.SMACK64EXEC
Oct 10 13:41:35 localhost kernel: evm: security.SMACK64TRANSMUTE
Oct 10 13:41:35 localhost kernel: evm: security.SMACK64MMAP
Oct 10 13:41:35 localhost kernel: evm: security.apparmor
Oct 10 13:41:35 localhost kernel: evm: security.ima
Oct 10 13:41:35 localhost kernel: evm: security.capability
Oct 10 13:41:35 localhost kernel: evm: HMAC attrs: 0x1
Oct 10 13:41:35 localhost kernel: PM:   Magic number: 14:287:685
Oct 10 13:41:35 localhost kernel:  clocksource: hash matches
Oct 10 13:41:35 localhost kernel: RAS: Correctable Errors collector initialized.
Oct 10 13:41:35 localhost kernel: clk: Disabling unused clocks
Oct 10 13:41:35 localhost kernel: PM: genpd: Disabling unused power domains
Oct 10 13:41:35 localhost kernel: Freeing unused decrypted memory: 2028K
Oct 10 13:41:35 localhost kernel: Freeing unused kernel image (initmem) memory: 5292K
Oct 10 13:41:35 localhost kernel: Write protecting the kernel read-only data: 43008k
Oct 10 13:41:35 localhost kernel: Freeing unused kernel image (text/rodata gap) memory: 768K
Oct 10 13:41:35 localhost kernel: Freeing unused kernel image (rodata/data gap) memory: 1668K
Oct 10 13:41:35 localhost kernel: x86/mm: Checked W+X mappings: passed, no W+X pages found.
Oct 10 13:41:35 localhost kernel: Run /init as init process
Oct 10 13:41:35 localhost kernel:   with arguments:
Oct 10 13:41:35 localhost kernel:     /init
Oct 10 13:41:35 localhost kernel:   with environment:
Oct 10 13:41:35 localhost kernel:     HOME=/
Oct 10 13:41:35 localhost kernel:     TERM=linux
Oct 10 13:41:35 localhost systemd[1]: Inserted module 'autofs4'
Oct 10 13:41:35 localhost systemd[1]: Successfully made /usr/ read-only.
Oct 10 13:41:35 localhost systemd[1]: systemd 259.5-0ubuntu3.4 running in system mode (+PAM +AUDIT +SELINUX +APPARMOR +IMA +IPE +SMACK +SECCOMP +GCRYPT -GNUTLS +OPENSSL +ACL +BLKID +CURL +ELFUTILS +FIDO2 +IDN2 -IDN +KMOD +LIBCRYPTSETUP +LIBCRYPTSETUP_PLUGINS +LIBFDISK +PCRE2 +PWQUALITY +P11KIT +QRENCODE +TPM2 +BZIP2 +LZ4 +XZ +ZLIB +ZSTD +BPF_FRAMEWORK +BTF -XKBCOMMON -UTMP +SYSVINIT +LIBARCHIVE)
Oct 10 13:41:35 localhost systemd[1]: Detected virtualization kvm.
Oct 10 13:41:35 localhost systemd[1]: Detected architecture x86-64.
Oct 10 13:41:35 localhost systemd[1]: Running in initrd.
Oct 10 13:41:35 localhost systemd[1]: Initializing machine ID from random generator.
Oct 10 13:41:35 localhost systemd[1]: No hostname configured, using default hostname.
Oct 10 13:41:35 localhost systemd[1]: Hostname set to <localhost>.
Oct 10 13:41:35 localhost systemd[1]: bpf-restrict-fs: BPF LSM hook not enabled in the kernel, BPF LSM not supported.
Oct 10 13:41:35 localhost systemd[1]: Queued start job for default target initrd.target.
Oct 10 13:41:35 localhost systemd[1]: Created slice system-modprobe.slice - Slice /system/modprobe.
Oct 10 13:41:35 localhost systemd[1]: Started systemd-ask-password-console.path - Dispatch Password Requests to Console Directory Watch.
Oct 10 13:41:35 localhost systemd[1]: Expecting device dev-disk-by\x2dlabel-cloudimg\x2drootfs.device - /dev/disk/by-label/cloudimg-rootfs...
Oct 10 13:41:35 localhost systemd[1]: Reached target initrd-usr-fs.target - Initrd /usr File System.
Oct 10 13:41:35 localhost systemd[1]: Reached target paths.target - Path Units.
Oct 10 13:41:35 localhost systemd[1]: Reached target slices.target - Slice Units.
Oct 10 13:41:35 localhost systemd[1]: Reached target swap.target - Swaps.
Oct 10 13:41:35 localhost systemd[1]: Reached target timers.target - Timer Units.
Oct 10 13:41:35 localhost systemd[1]: Listening on iscsid.socket - Open-iSCSI iscsid Socket.
Oct 10 13:41:35 localhost systemd[1]: Listening on systemd-journald-dev-log.socket - Journal Socket (/dev/log).
Oct 10 13:41:35 localhost systemd[1]: Listening on systemd-journald.socket - Journal Sockets.
Oct 10 13:41:35 localhost systemd[1]: Listening on systemd-networkd.socket - Network Management Netlink Socket.
Oct 10 13:41:35 localhost systemd[1]: Listening on systemd-udevd-control.socket - udev Control Socket.
Oct 10 13:41:35 localhost systemd[1]: Listening on systemd-udevd-kernel.socket - udev Kernel Socket.
Oct 10 13:41:35 localhost systemd[1]: Reached target sockets.target - Socket Units.
Oct 10 13:41:35 localhost systemd[1]: dracut-cmdline-ask.service - dracut ask for additional cmdline parameters skipped, no trigger condition checks were met.
Oct 10 13:41:35 localhost systemd[1]: Starting dracut-cmdline.service - dracut cmdline hook...
Oct 10 13:41:35 localhost systemd[1]: Starting kmod-static-nodes.service - Create List of Static Device Nodes...
Oct 10 13:41:35 localhost systemd[1]: Starting modprobe@dm_multipath.service - Load Kernel Module dm_multipath...
Oct 10 13:41:35 localhost systemd[1]: systemd-battery-check.service - Early Battery Level Check skipped, unmet condition check ConditionDirectoryNotEmpty=/sys/class/power_supply
Oct 10 13:41:35 localhost systemd[1]: Starting systemd-journald.service - Journal Service...
Oct 10 13:41:35 localhost systemd[1]: Starting systemd-modules-load.service - Load Kernel Modules...
Oct 10 13:41:35 localhost systemd[1]: Starting systemd-network-generator.service - Generate Network Units from Kernel Command Line...
Oct 10 13:41:35 localhost systemd[1]: systemd-pcrphase-initrd.service - TPM PCR Barrier (initrd) skipped, unmet condition check ConditionSecurity=measured-uki
Oct 10 13:41:35 localhost systemd[1]: Reached target cryptsetup.target - Local Encrypted Volumes.
Oct 10 13:41:35 localhost systemd[1]: Finished kmod-static-nodes.service - Create List of Static Device Nodes.
Oct 10 13:41:35 localhost systemd-journald[143]: Collecting audit messages is disabled.
Oct 10 13:41:35 localhost systemd[1]: modprobe@dm_multipath.service: Deactivated successfully.
Oct 10 13:41:35 localhost systemd[1]: Finished modprobe@dm_multipath.service - Load Kernel Module dm_multipath.
Oct 10 13:41:35 localhost systemd[1]: Finished systemd-modules-load.service - Load Kernel Modules.
Oct 10 13:41:35 localhost systemd[1]: Finished systemd-network-generator.service - Generate Network Units from Kernel Command Line.
Oct 10 13:41:35 localhost systemd[1]: Reached target network-pre.target - Preparation for Network.
Oct 10 13:41:35 localhost systemd[1]: Listening on systemd-networkd-resolve-hook.socket - Network Management Resolve Hook Socket.
Oct 10 13:41:35 localhost systemd[1]: Starting multipathd.service - Device-Mapper Multipath Device Controller...
Oct 10 13:41:35 localhost systemd[1]: Starting systemd-sysctl.service - Apply Kernel Variables...
Oct 10 13:41:35 localhost systemd-journald[143]: Journal started
Oct 10 13:41:35 localhost systemd-journald[143]: Runtime Journal (/run/log/journal/00000000000000000000000000000000) is 4.9M, max 39.2M, 34.3M free.
Oct 10 13:41:35 localhost systemd-modules-load[163]: Using 2 probe threads
Oct 10 13:41:35 localhost dracut-cmdline[133]: dracut-110-11ubuntu0.1
Oct 10 13:41:35 localhost dracut-cmdline[133]: Using kernel command line parameters:    BOOT_IMAGE=/vmlinuz-7.0.0-34-generic root=LABEL=cloudimg-rootfs ro console=tty1 console=ttyS0
Oct 10 13:41:35 localhost systemd-modules-load[163]: Module 'i2c_dev' is built in
Oct 10 13:41:35 localhost dracut-cmdline[133]: Warning: Kernel command line option 'copymods' is deprecated, use 'rd.driver.export' instead.
Oct 10 13:41:35 localhost systemd-modules-load[163]: Inserted module 'msr'
Oct 10 13:41:35 localhost systemd[1]: Starting systemd-tmpfiles-setup-dev-early.service - Create Static Device Nodes in /dev gracefully...
Oct 10 13:41:35 localhost multipathd[222]: multipathd v0.14.3: start up
Oct 10 13:41:35 localhost multipathd[222]: reconfigure: setting up paths and maps
Oct 10 13:41:35 localhost multipathd[222]: _check_bindings_file: failed to read header from /etc/multipath/bindings
Oct 10 13:41:35 localhost multipathd[222]: updated bindings file /etc/multipath/bindings
Oct 10 13:41:35 localhost systemd[1]: Started systemd-journald.service - Journal Service.
Oct 10 13:41:35 localhost systemd[1]: Started multipathd.service - Device-Mapper Multipath Device Controller.
Oct 10 13:41:35 localhost systemd[1]: Finished systemd-sysctl.service - Apply Kernel Variables.
Oct 10 13:41:35 localhost systemd[1]: Finished systemd-tmpfiles-setup-dev-early.service - Create Static Device Nodes in /dev gracefully.
Oct 10 13:41:35 localhost systemd[1]: Starting systemd-tmpfiles-setup-dev.service - Create Static Device Nodes in /dev...
Oct 10 13:41:35 localhost systemd[1]: Finished systemd-tmpfiles-setup-dev.service - Create Static Device Nodes in /dev.
Oct 10 13:41:35 localhost systemd[1]: Reached target local-fs-pre.target - Preparation for Local File Systems.
Oct 10 13:41:35 localhost systemd[1]: Reached target local-fs.target - Local File Systems.
Oct 10 13:41:35 localhost kernel: Loading iSCSI transport class v2.0-870.
Oct 10 13:41:35 localhost systemd[1]: Starting systemd-tmpfiles-setup.service - Create System Files and Directories...
Oct 10 13:41:35 localhost kernel: iscsi: registered transport (tcp)
Oct 10 13:41:35 localhost systemd-tmpfiles[278]: /usr/lib/tmpfiles.d/systemd.conf:33: Duplicate line for path "/var/lib/systemd", ignoring.
Oct 10 13:41:35 localhost systemd-tmpfiles[278]: /usr/lib/tmpfiles.d/var.conf:14: Duplicate line for path "/var/log", ignoring.
Oct 10 13:41:35 localhost kernel: iscsi: registered transport (qla4xxx)
Oct 10 13:41:35 localhost kernel: QLogic iSCSI HBA Driver
Oct 10 13:41:35 localhost systemd[1]: Finished systemd-tmpfiles-setup.service - Create System Files and Directories.
Oct 10 13:41:35 localhost kernel: libcxgbi:libcxgbi_init_module: Chelsio iSCSI driver library libcxgbi v0.9.1-ko (Apr. 2015)
Oct 10 13:41:35 localhost kernel: Chelsio T3 iSCSI Driver cxgb3i v2.0.1-ko (Apr. 2015)
Oct 10 13:41:35 localhost kernel: iscsi: registered transport (cxgb3i)
Oct 10 13:41:35 localhost kernel: Chelsio T4-T6 iSCSI Driver cxgb4i v0.9.5-ko (Apr. 2015)
Oct 10 13:41:35 localhost kernel: iscsi: registered transport (cxgb4i)
Oct 10 13:41:35 localhost kernel: cxgb4i:cxgb4i_init_module: cxgb4i dcb enabled.
Oct 10 13:41:35 localhost kernel: cnic: QLogic cnicDriver v2.5.22 (July 20, 2015)
Oct 10 13:41:35 localhost kernel: QLogic NetXtreme II iSCSI Driver bnx2i v2.7.10.1 (Jul 16, 2014)
Oct 10 13:41:35 localhost kernel: iscsi: registered transport (bnx2i)
Oct 10 13:41:35 localhost kernel: iscsi: registered transport (be2iscsi)
Oct 10 13:41:35 localhost kernel: In beiscsi_module_init, tt=00000000168f774e
Oct 10 13:41:35 localhost systemd[1]: Finished dracut-cmdline.service - dracut cmdline hook.
Oct 10 13:41:35 localhost systemd[1]: Starting dracut-pre-udev.service - dracut pre-udev hook...
Oct 10 13:41:36 localhost systemd[1]: Finished dracut-pre-udev.service - dracut pre-udev hook.
Oct 10 13:41:36 localhost systemd[1]: Starting systemd-udevd.service - Rule-based Manager for Device Events and Files...
Oct 10 13:41:36 localhost systemd-udevd[327]: Using default interface naming scheme 'v259'.
Oct 10 13:41:36 localhost systemd[1]: Started systemd-udevd.service - Rule-based Manager for Device Events and Files.
Oct 10 13:41:36 localhost systemd[1]: Starting dracut-pre-trigger.service - dracut pre-trigger hook...
Oct 10 13:41:36 localhost systemd[1]: Starting systemd-networkd.service - Network Management...
Oct 10 13:41:36 localhost dracut-pre-trigger[329]: rd.md=0: removing MD RAID activation
Oct 10 13:41:36 localhost systemd[1]: Finished dracut-pre-trigger.service - dracut pre-trigger hook.
Oct 10 13:41:36 localhost systemd[1]: Starting systemd-udev-trigger.service - Coldplug All udev Devices...
Oct 10 13:41:36 localhost kernel: cfg80211: Loading compiled-in X.509 certificates for regulatory database
Oct 10 13:41:36 localhost kernel: Loaded X.509 cert 'sforshee: 00b28ddf47aef9cea7'
Oct 10 13:41:36 localhost kernel: Loaded X.509 cert 'wens: 61c038651aabdcf94bd0ac7ff06c7248db18c600'
Oct 10 13:41:36 localhost systemd-networkd[344]: Failed to open nftables netlink socket. IPMasquerade= and NFTSet= settings will not be applied. Ignoring: Protocol not supported
Oct 10 13:41:36 localhost systemd-networkd[344]: lo: Link UP
Oct 10 13:41:36 localhost systemd-networkd[344]: lo: Gained carrier
Oct 10 13:41:36 localhost systemd[1]: Started systemd-networkd.service - Network Management.
Oct 10 13:41:36 localhost systemd[1]: Reached target network.target - Network.
Oct 10 13:41:36 localhost systemd[1]: systemd-networkd-wait-online.service - Wait for Network to be Online skipped, unmet condition check ConditionPathExists=/run/networkd/initrd/neednet
Oct 10 13:41:36 localhost systemd[1]: Finished systemd-udev-trigger.service - Coldplug All udev Devices.
Oct 10 13:41:36 localhost systemd[1]: Reached target sysinit.target - System Initialization.
Oct 10 13:41:36 localhost systemd[1]: Reached target basic.target - Basic System.
Oct 10 13:41:36 localhost systemd[1]: System is tainted: unmerged-bin
Oct 10 13:41:36 localhost systemd[1]: Starting dracut-initqueue.service - dracut initqueue hook...
Oct 10 13:41:36 localhost systemd[1]: modprobe@configfs.service - Load Kernel Module configfs skipped, unmet condition check ConditionKernelModuleLoaded=!configfs
Oct 10 13:41:36 localhost kernel: virtio_net virtio2 enp0s4: renamed from eth0
Oct 10 13:41:36 localhost systemd-networkd[344]: eth0: Interface name change detected, renamed to enp0s4.
Oct 10 13:41:36 localhost systemd[1]: Found device dev-disk-by\x2dlabel-cloudimg\x2drootfs.device - /dev/disk/by-label/cloudimg-rootfs.
Oct 10 13:41:36 localhost systemd[1]: Reached target initrd-root-device.target - Initrd Root Device.
Oct 10 13:41:36 localhost kernel: input: VirtualPS/2 VMware VMMouse as /devices/platform/i8042/serio1/input/input4
Oct 10 13:41:36 localhost kernel: input: VirtualPS/2 VMware VMMouse as /devices/platform/i8042/serio1/input/input3
Oct 10 13:41:36 localhost kernel: ACPI: \_SB_.GSIA: Enabled at IRQ 16
Oct 10 13:41:36 localhost kernel: ahci 0000:00:1f.2: AHCI vers 0001.0000, 32 command slots, 1.5 Gbps, SATA mode
Oct 10 13:41:36 localhost systemd-networkd[344]: enp0s4: Configuring with /run/systemd/network/zzzz-dracut-default.network.
Oct 10 13:41:36 localhost kernel: ahci 0000:00:1f.2: 6/6 ports implemented (port mask 0x3f)
Oct 10 13:41:36 localhost kernel: ahci 0000:00:1f.2: flags: 64bit ncq only 
Oct 10 13:41:36 localhost systemd-networkd[344]: enp0s4: Link UP
Oct 10 13:41:36 localhost systemd-networkd[344]: enp0s4: Gained carrier
Oct 10 13:41:36 localhost kernel: scsi host0: ahci
Oct 10 13:41:36 localhost kernel: scsi host1: ahci
Oct 10 13:41:36 localhost kernel: scsi host2: ahci
Oct 10 13:41:36 localhost kernel: scsi host3: ahci
Oct 10 13:41:36 localhost kernel: scsi host4: ahci
Oct 10 13:41:36 localhost kernel: scsi host5: ahci
Oct 10 13:41:36 localhost kernel: ata1: SATA max UDMA/133 abar m4096@0xfeb95000 port 0xfeb95100 irq 36 lpm-pol 1
Oct 10 13:41:36 localhost kernel: ata2: SATA max UDMA/133 abar m4096@0xfeb95000 port 0xfeb95180 irq 36 lpm-pol 1
Oct 10 13:41:36 localhost kernel: ata3: SATA max UDMA/133 abar m4096@0xfeb95000 port 0xfeb95200 irq 36 lpm-pol 1
Oct 10 13:41:36 localhost kernel: ata4: SATA max UDMA/133 abar m4096@0xfeb95000 port 0xfeb95280 irq 36 lpm-pol 1
Oct 10 13:41:36 localhost kernel: ata5: SATA max UDMA/133 abar m4096@0xfeb95000 port 0xfeb95300 irq 36 lpm-pol 1
Oct 10 13:41:36 localhost kernel: ata6: SATA max UDMA/133 abar m4096@0xfeb95000 port 0xfeb95380 irq 36 lpm-pol 1
Oct 10 13:41:36 localhost systemd-networkd[344]: enp0s4: DHCPv4 address 192.0.2.1/24, gateway 192.0.2.2 acquired from 192.0.2.2
Oct 10 13:41:36 localhost systemd[1]: Mounting sys-kernel-config.mount - Kernel Configuration File System...
Oct 10 13:41:36 localhost systemd[1]: Mounted sys-kernel-config.mount - Kernel Configuration File System.
Oct 10 13:41:36 localhost kernel: ata1: SATA link down (SStatus 0 SControl 300)
Oct 10 13:41:36 localhost kernel: ata3: SATA link up 1.5 Gbps (SStatus 113 SControl 300)
Oct 10 13:41:36 localhost kernel: ata5: SATA link down (SStatus 0 SControl 300)
Oct 10 13:41:36 localhost kernel: ata2: SATA link down (SStatus 0 SControl 300)
Oct 10 13:41:36 localhost kernel: ata6: SATA link down (SStatus 0 SControl 300)
Oct 10 13:41:36 localhost kernel: ata3.00: ATAPI: QEMU DVD-ROM, 2.5+, max UDMA/100
Oct 10 13:41:36 localhost kernel: ata3.00: applying bridge limits
Oct 10 13:41:36 localhost kernel: ata4: SATA link down (SStatus 0 SControl 300)
Oct 10 13:41:36 localhost kernel: ata3.00: configured for UDMA/100
Oct 10 13:41:36 localhost kernel: scsi 2001:db8::3 CD-ROM            QEMU     QEMU DVD-ROM     2.5+ PQ: 0 ANSI: 5
Oct 10 13:41:36 localhost kernel: sr 2001:db8::3 [sr0] scsi3-mmc drive: 4x/4x cd/rw xa/form2 tray
Oct 10 13:41:36 localhost kernel: cdrom: Uniform CD-ROM driver Revision: 3.20
Oct 10 13:41:37 localhost kernel: sr 2001:db8::3 Attached scsi CD-ROM sr0
Oct 10 13:41:37 localhost kernel: sr 2001:db8::3 Attached scsi generic sg0 type 5
Oct 10 13:41:37 localhost 55-scsi-sg3_id.rules[471]: WARNING: SCSI device sr0 has no device ID, consider changing .SCSI_ID_SERIAL_SRC in 00-scsi-sg3_config.rules
Oct 10 13:41:37 localhost 55-scsi-sg3_id.rules[477]: WARNING: SCSI device sr0 has no device ID, consider changing .SCSI_ID_SERIAL_SRC in 00-scsi-sg3_config.rules
Oct 10 13:41:37 localhost systemd[1]: Finished dracut-initqueue.service - dracut initqueue hook.
Oct 10 13:41:37 localhost systemd[1]: Reached target remote-fs-pre.target - Preparation for Remote File Systems.
Oct 10 13:41:37 localhost systemd[1]: Reached target remote-cryptsetup.target - Remote Encrypted Volumes.
Oct 10 13:41:37 localhost systemd[1]: Reached target remote-fs.target - Remote File Systems.
Oct 10 13:41:37 localhost systemd[1]: Starting dracut-pre-mount.service - dracut pre-mount hook...
Oct 10 13:41:37 localhost systemd[1]: Finished dracut-pre-mount.service - dracut pre-mount hook.
Oct 10 13:41:37 localhost systemd[1]: Starting systemd-fsck-root.service - File System Check on /dev/disk/by-label/cloudimg-rootfs...
Oct 10 13:41:37 localhost systemd-fsck[504]: cloudimg-rootfs: clean, 102271/2383360 files, 665144/4952315 blocks
Oct 10 13:41:37 localhost systemd[1]: Finished systemd-fsck-root.service - File System Check on /dev/disk/by-label/cloudimg-rootfs.
Oct 10 13:41:37 localhost systemd[1]: Mounting sysroot.mount - /sysroot...
Oct 10 13:41:37 localhost kernel: EXT4-fs (vda1): orphan cleanup on readonly fs
Oct 10 13:41:37 localhost kernel: EXT4-fs (vda1): mounted filesystem 00000000-0000-0000-0000-000000000000 ro with ordered data mode. Quota mode: none.
Oct 10 13:41:37 localhost systemd[1]: Mounted sysroot.mount - /sysroot.
Oct 10 13:41:37 localhost systemd[1]: Reached target initrd-root-fs.target - Initrd Root File System.
Oct 10 13:41:37 localhost systemd[1]: Starting initrd-parse-etc.service - Mountpoints Configured in the Real Root...
Oct 10 13:41:37 localhost systemd[1]: initrd-parse-etc.service: Deactivated successfully.
Oct 10 13:41:37 localhost systemd[1]: Finished initrd-parse-etc.service - Mountpoints Configured in the Real Root.
Oct 10 13:41:37 localhost systemd[1]: initrd-parse-etc.service: Triggering OnSuccess= dependencies.
Oct 10 13:41:37 localhost systemd[1]: Reached target initrd-fs.target - Initrd File Systems.
Oct 10 13:41:37 localhost systemd[1]: Reached target initrd.target - Initrd Default Target.
Oct 10 13:41:37 localhost systemd[1]: Starting dracut-mount.service - dracut mount hook...
Oct 10 13:41:37 localhost systemd[1]: Finished dracut-mount.service - dracut mount hook.
Oct 10 13:41:37 localhost systemd[1]: Starting dracut-pre-pivot.service - dracut pre-pivot and cleanup hook...
Oct 10 13:41:37 localhost dracut-pre-pivot[545]: ln: failed to create symbolic link '/sysroot/media/root-ro': Read-only file system
Oct 10 13:41:37 localhost dracut-pre-pivot[519]: Warning: /lib/modules/7.0.0-34-generic exists. To export modules set rd.driver.export=force!
Oct 10 13:41:37 localhost systemd[1]: Finished dracut-pre-pivot.service - dracut pre-pivot and cleanup hook.
Oct 10 13:41:37 localhost systemd[1]: Starting initrd-cleanup.service - Cleaning Up and Shutting Down Daemons...
Oct 10 13:41:37 localhost systemd[1]: Stopped target network.target - Network.
Oct 10 13:41:37 localhost systemd[1]: Stopped target remote-cryptsetup.target - Remote Encrypted Volumes.
Oct 10 13:41:37 localhost systemd[1]: Stopped target timers.target - Timer Units.
Oct 10 13:41:37 localhost systemd[1]: dracut-pre-pivot.service: Deactivated successfully.
Oct 10 13:41:37 localhost systemd[1]: Stopped dracut-pre-pivot.service - dracut pre-pivot and cleanup hook.
Oct 10 13:41:37 localhost systemd[1]: Stopped target initrd.target - Initrd Default Target.
Oct 10 13:41:37 localhost systemd[1]: Stopped target basic.target - Basic System.
Oct 10 13:41:37 localhost systemd[1]: Stopped target initrd-root-device.target - Initrd Root Device.
Oct 10 13:41:37 localhost systemd[1]: Stopped target initrd-usr-fs.target - Initrd /usr File System.
Oct 10 13:41:37 localhost systemd[1]: Stopped target paths.target - Path Units.
Oct 10 13:41:37 localhost systemd[1]: Stopped target remote-fs.target - Remote File Systems.
Oct 10 13:41:37 localhost systemd[1]: Stopped target remote-fs-pre.target - Preparation for Remote File Systems.
Oct 10 13:41:37 localhost systemd[1]: Stopped target slices.target - Slice Units.
Oct 10 13:41:37 localhost systemd[1]: Stopped target sockets.target - Socket Units.
Oct 10 13:41:37 localhost systemd[1]: Stopped target sysinit.target - System Initialization.
Oct 10 13:41:37 localhost systemd[1]: Stopped target swap.target - Swaps.
Oct 10 13:41:37 localhost systemd[1]: iscsid.socket: Deactivated successfully.
Oct 10 13:41:37 localhost systemd[1]: Closed iscsid.socket - Open-iSCSI iscsid Socket.
Oct 10 13:41:37 localhost systemd[1]: dracut-mount.service: Deactivated successfully.
Oct 10 13:41:37 localhost systemd[1]: Stopped dracut-mount.service - dracut mount hook.
Oct 10 13:41:37 localhost systemd[1]: dracut-pre-mount.service: Deactivated successfully.
Oct 10 13:41:37 localhost systemd[1]: Stopped dracut-pre-mount.service - dracut pre-mount hook.
Oct 10 13:41:37 localhost systemd[1]: Stopped target cryptsetup.target - Local Encrypted Volumes.
Oct 10 13:41:37 localhost systemd[1]: systemd-ask-password-console.path: Deactivated successfully.
Oct 10 13:41:37 localhost systemd[1]: Stopped systemd-ask-password-console.path - Dispatch Password Requests to Console Directory Watch.
Oct 10 13:41:37 localhost systemd[1]: dracut-initqueue.service: Deactivated successfully.
Oct 10 13:41:37 localhost systemd[1]: Stopped dracut-initqueue.service - dracut initqueue hook.
Oct 10 13:41:37 localhost systemd[1]: Stopping systemd-networkd.service - Network Management...
Oct 10 13:41:37 localhost systemd[1]: systemd-tmpfiles-setup.service: Deactivated successfully.
Oct 10 13:41:37 localhost systemd[1]: Stopped systemd-tmpfiles-setup.service - Create System Files and Directories.
Oct 10 13:41:37 localhost systemd[1]: Stopped target local-fs.target - Local File Systems.
Oct 10 13:41:37 localhost systemd[1]: Stopped target local-fs-pre.target - Preparation for Local File Systems.
Oct 10 13:41:37 localhost multipathd[222]: multipathd: shut down
Oct 10 13:41:37 localhost systemd[1]: Stopping multipathd.service - Device-Mapper Multipath Device Controller...
Oct 10 13:41:37 localhost systemd[1]: systemd-udev-trigger.service: Deactivated successfully.
Oct 10 13:41:37 localhost systemd[1]: Stopped systemd-udev-trigger.service - Coldplug All udev Devices.
Oct 10 13:41:37 localhost systemd[1]: dracut-pre-trigger.service: Deactivated successfully.
Oct 10 13:41:37 localhost systemd[1]: Stopped dracut-pre-trigger.service - dracut pre-trigger hook.
Oct 10 13:41:37 localhost systemd[1]: systemd-networkd.service: Deactivated successfully.
Oct 10 13:41:37 localhost systemd[1]: Stopped systemd-networkd.service - Network Management.
Oct 10 13:41:37 localhost systemd[1]: initrd-cleanup.service: Deactivated successfully.
Oct 10 13:41:37 localhost systemd[1]: Finished initrd-cleanup.service - Cleaning Up and Shutting Down Daemons.
Oct 10 13:41:37 localhost systemd[1]: systemd-networkd-resolve-hook.socket: Deactivated successfully.
Oct 10 13:41:37 localhost systemd[1]: Closed systemd-networkd-resolve-hook.socket - Network Management Resolve Hook Socket.
Oct 10 13:41:37 localhost systemd[1]: Stopped target network-pre.target - Preparation for Network.
Oct 10 13:41:37 localhost systemd[1]: systemd-networkd.socket: Deactivated successfully.
Oct 10 13:41:37 localhost systemd[1]: Closed systemd-networkd.socket - Network Management Netlink Socket.
Oct 10 13:41:37 localhost systemd[1]: systemd-sysctl.service: Deactivated successfully.
Oct 10 13:41:37 localhost systemd[1]: Stopped systemd-sysctl.service - Apply Kernel Variables.
Oct 10 13:41:37 localhost systemd[1]: systemd-modules-load.service: Deactivated successfully.
Oct 10 13:41:37 localhost systemd[1]: Stopped systemd-modules-load.service - Load Kernel Modules.
Oct 10 13:41:37 localhost systemd[1]: Stopping systemd-udevd.service - Rule-based Manager for Device Events and Files...
Oct 10 13:41:37 localhost systemd[1]: multipathd.service: Deactivated successfully.
Oct 10 13:41:37 localhost systemd[1]: Stopped multipathd.service - Device-Mapper Multipath Device Controller.
Oct 10 13:41:37 localhost systemd[1]: systemd-udevd.service: Deactivated successfully.
Oct 10 13:41:37 localhost systemd[1]: Stopped systemd-udevd.service - Rule-based Manager for Device Events and Files.
Oct 10 13:41:37 localhost systemd[1]: systemd-udevd-control.socket: Deactivated successfully.
Oct 10 13:41:37 localhost systemd[1]: Closed systemd-udevd-control.socket - udev Control Socket.
Oct 10 13:41:37 localhost systemd[1]: dracut-pre-udev.service: Deactivated successfully.
Oct 10 13:41:37 localhost systemd[1]: Stopped dracut-pre-udev.service - dracut pre-udev hook.
Oct 10 13:41:37 localhost systemd[1]: dracut-cmdline.service: Deactivated successfully.
Oct 10 13:41:37 localhost systemd[1]: Stopped dracut-cmdline.service - dracut cmdline hook.
Oct 10 13:41:37 localhost systemd[1]: Starting initrd-udevadm-cleanup-db.service - Cleanup udev Database...
Oct 10 13:41:37 localhost systemd[1]: systemd-network-generator.service: Deactivated successfully.
Oct 10 13:41:37 localhost systemd[1]: Stopped systemd-network-generator.service - Generate Network Units from Kernel Command Line.
Oct 10 13:41:37 localhost systemd[1]: systemd-tmpfiles-setup-dev.service: Deactivated successfully.
Oct 10 13:41:37 localhost systemd[1]: Stopped systemd-tmpfiles-setup-dev.service - Create Static Device Nodes in /dev.
Oct 10 13:41:37 localhost systemd[1]: systemd-tmpfiles-setup-dev-early.service: Deactivated successfully.
Oct 10 13:41:37 localhost systemd[1]: Stopped systemd-tmpfiles-setup-dev-early.service - Create Static Device Nodes in /dev gracefully.
Oct 10 13:41:37 localhost systemd[1]: kmod-static-nodes.service: Deactivated successfully.
Oct 10 13:41:37 localhost systemd[1]: Stopped kmod-static-nodes.service - Create List of Static Device Nodes.
Oct 10 13:41:37 localhost systemd[1]: initrd-udevadm-cleanup-db.service: Deactivated successfully.
Oct 10 13:41:37 localhost systemd[1]: Finished initrd-udevadm-cleanup-db.service - Cleanup udev Database.
Oct 10 13:41:37 localhost systemd[1]: Reached target initrd-switch-root.target - Switch Root.
Oct 10 13:41:37 localhost systemd[1]: Starting initrd-switch-root.service - Switch Root...
Oct 10 13:41:37 localhost systemd[1]: Switching root.
Oct 10 13:41:37 localhost systemd-journald[143]: Journal stopped
Oct 10 13:41:39 host01 systemd-journald[143]: Received SIGTERM from PID 1 (systemd).
Oct 10 13:41:39 host01 kernel: NET: Registered PF_VSOCK protocol family
Oct 10 13:41:39 host01 systemd[1]: systemd 259.5-0ubuntu3.4 running in system mode (+PAM +AUDIT +SELINUX +APPARMOR +IMA +IPE +SMACK +SECCOMP +GCRYPT -GNUTLS +OPENSSL +ACL +BLKID +CURL +ELFUTILS +FIDO2 +IDN2 -IDN +KMOD +LIBCRYPTSETUP +LIBCRYPTSETUP_PLUGINS +LIBFDISK +PCRE2 +PWQUALITY +P11KIT +QRENCODE +TPM2 +BZIP2 +LZ4 +XZ +ZLIB +ZSTD +BPF_FRAMEWORK +BTF -XKBCOMMON -UTMP +SYSVINIT +LIBARCHIVE)
Oct 10 13:41:39 host01 systemd[1]: Detected virtualization kvm.
Oct 10 13:41:39 host01 systemd[1]: Detected architecture x86-64.
Oct 10 13:41:39 host01 systemd[1]: Hostname set to <host01>.
Oct 10 13:41:39 host01 systemd[1]: bpf-restrict-fs: BPF LSM hook not enabled in the kernel, BPF LSM not supported.
Oct 10 13:41:39 host01 systemd[1]: /usr/lib/systemd/system/xfs_scrub_all.service:26: Support for option CPUAccounting= has been removed and it is ignored
Oct 10 13:41:39 host01 systemd[1]: /usr/lib/systemd/system/system-xfs_scrub.slice:15: Support for option CPUAccounting= has been removed and it is ignored
Oct 10 13:41:39 host01 systemd[1]: initrd-switch-root.service: Deactivated successfully.
Oct 10 13:41:39 host01 systemd[1]: Stopped initrd-switch-root.service - Switch Root.
Oct 10 13:41:39 host01 systemd[1]: systemd-journald.service: Scheduled restart job, restart counter is at 1.
Oct 10 13:41:39 host01 systemd[1]: Created slice system-serial\x2dgetty.slice - Slice /system/serial-getty.
Oct 10 13:41:39 host01 systemd[1]: Created slice system-systemd\x2dfsck.slice - Slice /system/systemd-fsck.
Oct 10 13:41:39 host01 systemd[1]: Created slice system-xfs_scrub.slice - xfs_scrub background service slice.
Oct 10 13:41:39 host01 systemd[1]: Created slice user.slice - User and Session Slice.
Oct 10 13:41:39 host01 systemd[1]: Started systemd-ask-password-wall.path - Forward Password Requests to Wall Directory Watch.
Oct 10 13:41:39 host01 systemd[1]: Set up automount proc-sys-fs-binfmt_misc.automount - Arbitrary Executable File Formats File System Automount Point.
Oct 10 13:41:39 host01 systemd[1]: Expecting device dev-disk-by\x2dlabel-BOOT.device - /dev/disk/by-label/BOOT...
Oct 10 13:41:39 host01 systemd[1]: Expecting device dev-disk-by\x2dlabel-UEFI.device - /dev/disk/by-label/UEFI...
Oct 10 13:41:39 host01 systemd[1]: Expecting device dev-ttyS0.device - /dev/ttyS0...
Oct 10 13:41:39 host01 systemd[1]: Reached target imports.target - Image Downloads.
Oct 10 13:41:39 host01 systemd[1]: Stopped target initrd-switch-root.target - Switch Root.
Oct 10 13:41:39 host01 systemd[1]: Stopped target initrd-fs.target - Initrd File Systems.
Oct 10 13:41:39 host01 systemd[1]: Stopped target initrd-root-fs.target - Initrd Root File System.
Oct 10 13:41:39 host01 systemd[1]: Reached target integritysetup.target - Local Integrity Protected Volumes.
Oct 10 13:41:39 host01 systemd[1]: Reached target slices.target - Slice Units.
Oct 10 13:41:39 host01 systemd[1]: Reached target snapd.mounts-pre.target - Mounting snaps.
Oct 10 13:41:39 host01 systemd[1]: Reached target snapd.mounts.target - Mounted snaps.
Oct 10 13:41:39 host01 systemd[1]: Reached target swap.target - Swaps.
Oct 10 13:41:39 host01 systemd[1]: Reached target time-set.target - System Time Set.
Oct 10 13:41:39 host01 systemd[1]: Reached target veritysetup.target - Local Verity Protected Volumes.
Oct 10 13:41:39 host01 systemd[1]: Listening on dm-event.socket - Device-mapper event daemon FIFOs.
Oct 10 13:41:39 host01 systemd[1]: Listening on lvm2-lvmpolld.socket - LVM2 poll daemon socket.
Oct 10 13:41:39 host01 systemd[1]: Listening on syslog.socket - Syslog Socket.
Oct 10 13:41:39 host01 systemd[1]: Listening on systemd-ask-password.socket - Query the User Interactively for a Password.
Oct 10 13:41:39 host01 systemd[1]: Listening on systemd-creds.socket - Credential Encryption/Decryption.
Oct 10 13:41:39 host01 systemd[1]: Listening on systemd-factory-reset.socket - Factory Reset Management.
Oct 10 13:41:39 host01 systemd[1]: Listening on systemd-mute-console.socket - Console Output Muting Service Socket.
Oct 10 13:41:39 host01 systemd[1]: Listening on systemd-networkd-varlink.socket - Network Management Varlink Socket.
Oct 10 13:41:39 host01 systemd[1]: Listening on systemd-networkd.socket - Network Management Netlink Socket.
Oct 10 13:41:39 host01 systemd[1]: systemd-pcrextend.socket - TPM PCR Measurements skipped, unmet condition check ConditionSecurity=measured-uki
Oct 10 13:41:39 host01 systemd[1]: systemd-pcrlock.socket - Make TPM PCR Policy skipped, unmet condition check ConditionSecurity=measured-uki
Oct 10 13:41:39 host01 systemd[1]: Listening on systemd-resolved-monitor.socket - Resolve Monitor Varlink Socket.
Oct 10 13:41:39 host01 systemd[1]: Listening on systemd-resolved-varlink.socket - Resolve Service Varlink Socket.
Oct 10 13:41:39 host01 systemd[1]: Listening on systemd-udevd-control.socket - udev Control Socket.
Oct 10 13:41:39 host01 systemd[1]: Listening on systemd-udevd-varlink.socket - udev Varlink Socket.
Oct 10 13:41:39 host01 systemd[1]: Mounting dev-hugepages.mount - Huge Pages File System...
Oct 10 13:41:39 host01 systemd[1]: Mounting dev-mqueue.mount - POSIX Message Queue File System...
Oct 10 13:41:39 host01 systemd[1]: Mounting sys-kernel-debug.mount - Kernel Debug File System...
Oct 10 13:41:39 host01 systemd[1]: Mounting sys-kernel-tracing.mount - Kernel Trace File System...
Oct 10 13:41:39 host01 systemd[1]: Mounting tmp.mount - Temporary Directory /tmp...
Oct 10 13:41:39 host01 systemd[1]: Starting systemd-journald.service - Journal Service...
Oct 10 13:41:39 host01 systemd[1]: Starting keyboard-setup.service - Set the console keyboard layout...
Oct 10 13:41:39 host01 systemd[1]: Starting kmod-static-nodes.service - Create List of Static Device Nodes...
Oct 10 13:41:39 host01 systemd[1]: Starting lvm2-monitor.service - Monitoring of LVM2 mirrors, snapshots etc. using dmeventd or progress polling...
Oct 10 13:41:39 host01 systemd[1]: modprobe@configfs.service - Load Kernel Module configfs skipped, unmet condition check ConditionKernelModuleLoaded=!configfs
Oct 10 13:41:39 host01 systemd[1]: modprobe@dm_multipath.service - Load Kernel Module dm_multipath skipped, unmet condition check ConditionKernelModuleLoaded=!dm_multipath
Oct 10 13:41:39 host01 systemd[1]: modprobe@drm.service - Load Kernel Module drm skipped, unmet condition check ConditionKernelModuleLoaded=!drm
Oct 10 13:41:39 host01 systemd[1]: Starting modprobe@efi_pstore.service - Load Kernel Module efi_pstore...
Oct 10 13:41:39 host01 systemd[1]: modprobe@fuse.service - Load Kernel Module fuse skipped, unmet condition check ConditionKernelModuleLoaded=!fuse
Oct 10 13:41:39 host01 systemd[1]: Mounting sys-fs-fuse-connections.mount - FUSE Control File System...
Oct 10 13:41:39 host01 systemd[1]: netplan-ovs-cleanup.service - OpenVSwitch configuration for cleanup skipped, unmet condition check ConditionFileIsExecutable=/usr/bin/ovs-vsctl
Oct 10 13:41:39 host01 systemd[1]: systemd-hibernate-clear.service - Clear Stale Hibernate Storage Info skipped, unmet condition check ConditionPathExists=/sys/firmware/efi/efivars/HibernateLocation-00000000-0000-0000-0000-000000000000
Oct 10 13:41:39 host01 systemd[1]: Starting systemd-modules-load.service - Load Kernel Modules...
Oct 10 13:41:39 host01 systemd[1]: systemd-pcrmachine.service - TPM PCR Machine ID Measurement skipped, unmet condition check ConditionSecurity=measured-uki
Oct 10 13:41:39 host01 systemd[1]: systemd-pcrproduct.service - TPM NvPCR Product ID Measurement skipped, unmet condition check ConditionSecurity=measured-uki
Oct 10 13:41:39 host01 systemd[1]: Starting systemd-remount-fs.service - Remount Root and Kernel File Systems...
Oct 10 13:41:39 host01 systemd[1]: systemd-tpm2-setup-early.service - Early TPM SRK Setup skipped, unmet condition check ConditionSecurity=measured-uki
Oct 10 13:41:39 host01 systemd[1]: Starting systemd-udev-load-credentials.service - Load udev Rules from Credentials...
Oct 10 13:41:39 host01 systemd[1]: Starting systemd-udev-trigger.service - Coldplug All udev Devices...
Oct 10 13:41:39 host01 systemd[1]: Mounted dev-hugepages.mount - Huge Pages File System.
Oct 10 13:41:39 host01 systemd[1]: Mounted dev-mqueue.mount - POSIX Message Queue File System.
Oct 10 13:41:39 host01 systemd[1]: Mounted sys-kernel-debug.mount - Kernel Debug File System.
Oct 10 13:41:39 host01 systemd-journald[617]: Collecting audit messages is disabled.
Oct 10 13:41:39 host01 systemd[1]: Mounted sys-kernel-tracing.mount - Kernel Trace File System.
Oct 10 13:41:39 host01 systemd[1]: Mounted tmp.mount - Temporary Directory /tmp.
Oct 10 13:41:39 host01 kernel: EXT4-fs (vda1): re-mounted 00000000-0000-0000-0000-000000000000 r/w.
Oct 10 13:41:39 host01 systemd-journald[617]: Journal started
Oct 10 13:41:39 host01 systemd-journald[617]: Runtime Journal (/run/log/journal/00000000000000000000000000000000) is 4.9M, max 39.2M, 34.3M free.
Oct 10 13:41:39 host01 systemd[1]: Queued start job for default target graphical.target.
Oct 10 13:41:39 host01 systemd[1]: systemd-journald.service: Deactivated successfully.
Oct 10 13:41:39 host01 systemd-modules-load[629]: Using 2 probe threads
Oct 10 13:41:39 host01 systemd-modules-load[629]: Module 'i2c_dev' is built in
Oct 10 13:41:39 host01 systemd[1]: Finished keyboard-setup.service - Set the console keyboard layout.
Oct 10 13:41:39 host01 systemd[1]: Started systemd-journald.service - Journal Service.
Oct 10 13:41:39 host01 systemd[1]: Finished kmod-static-nodes.service - Create List of Static Device Nodes.
Oct 10 13:41:39 host01 systemd[1]: Finished lvm2-monitor.service - Monitoring of LVM2 mirrors, snapshots etc. using dmeventd or progress polling.
Oct 10 13:41:39 host01 systemd[1]: modprobe@efi_pstore.service: Deactivated successfully.
Oct 10 13:41:39 host01 systemd[1]: Finished modprobe@efi_pstore.service - Load Kernel Module efi_pstore.
Oct 10 13:41:39 host01 systemd[1]: Mounted sys-fs-fuse-connections.mount - FUSE Control File System.
Oct 10 13:41:39 host01 systemd[1]: Finished systemd-modules-load.service - Load Kernel Modules.
Oct 10 13:41:39 host01 systemd[1]: Finished systemd-remount-fs.service - Remount Root and Kernel File Systems.
Oct 10 13:41:39 host01 systemd[1]: Finished systemd-udev-load-credentials.service - Load udev Rules from Credentials.
Oct 10 13:41:39 host01 systemd[1]: Starting multipathd.service - Device-Mapper Multipath Device Controller...
Oct 10 13:41:39 host01 systemd[1]: Starting cloud-init-main.service - Cloud-init: Single Process...
Oct 10 13:41:39 host01 systemd[1]: systemd-hwdb-update.service - Rebuild Hardware Database skipped, unmet condition check ConditionNeedsUpdate=/etc
Oct 10 13:41:39 host01 systemd[1]: Starting systemd-journal-flush.service - Flush Journal to Persistent Storage...
Oct 10 13:41:39 host01 systemd[1]: systemd-pstore.service - Platform Persistent Storage Archival skipped, unmet condition check ConditionDirectoryNotEmpty=/sys/fs/pstore
Oct 10 13:41:39 host01 systemd[1]: Starting systemd-random-seed.service - Load/Save OS Random Seed...
Oct 10 13:41:39 host01 multipathd[649]: multipathd v0.14.3: start up
Oct 10 13:41:39 host01 systemd[1]: Starting systemd-sysctl.service - Apply Kernel Variables...
Oct 10 13:41:39 host01 multipathd[649]: reconfigure: setting up paths and maps
Oct 10 13:41:39 host01 systemd-journald[617]: Time spent on flushing to /var/log/journal/00000000000000000000000000000000 is 27.944ms for 814 entries.
Oct 10 13:41:39 host01 systemd-journald[617]: System Journal (/var/log/journal/00000000000000000000000000000000) is 8M, max 1.8G, 1.8G free.
Oct 10 13:41:39 host01 systemd-journald[617]: Received client request to flush runtime journal.
Oct 10 13:41:39 host01 systemd[1]: Starting systemd-tmpfiles-setup-dev-early.service - Create Static Device Nodes in /dev gracefully...
Oct 10 13:41:39 host01 systemd[1]: systemd-tpm2-setup.service - TPM SRK Setup skipped, unmet condition check ConditionSecurity=measured-uki
Oct 10 13:41:39 host01 systemd[1]: systemd-pcrnvdone.service - TPM PCR NvPCR Initialization Separator skipped, unmet condition check ConditionSecurity=measured-uki
Oct 10 13:41:39 host01 systemd[1]: Started multipathd.service - Device-Mapper Multipath Device Controller.
Oct 10 13:41:39 host01 systemd[1]: Finished systemd-random-seed.service - Load/Save OS Random Seed.
Oct 10 13:41:39 host01 systemd[1]: Finished systemd-sysctl.service - Apply Kernel Variables.
Oct 10 13:41:39 host01 systemd[1]: Finished systemd-journal-flush.service - Flush Journal to Persistent Storage.
Oct 10 13:41:39 host01 systemd[1]: Finished systemd-tmpfiles-setup-dev-early.service - Create Static Device Nodes in /dev gracefully.
Oct 10 13:41:39 host01 systemd[1]: systemd-sysusers.service - Create System Users skipped, no trigger condition checks were met.
Oct 10 13:41:39 host01 systemd[1]: Starting systemd-resolved.service - Network Name Resolution...
Oct 10 13:41:39 host01 systemd[1]: Starting systemd-tmpfiles-setup-dev.service - Create Static Device Nodes in /dev...
Oct 10 13:41:39 host01 systemd[1]: Finished systemd-tmpfiles-setup-dev.service - Create Static Device Nodes in /dev.
Oct 10 13:41:39 host01 systemd[1]: Reached target local-fs-pre.target - Preparation for Local File Systems.
Oct 10 13:41:39 host01 systemd[1]: Starting systemd-udevd.service - Rule-based Manager for Device Events and Files...
Oct 10 13:41:39 host01 systemd-resolved[669]: Positive Trust Anchors:
Oct 10 13:41:39 host01 systemd-resolved[669]: . IN DS 20326 8 2 e06d44b80b8f1d39a95c0b0d7c65d08458e880409bbc683457104237c7f8ec8d
Oct 10 13:41:39 host01 systemd-resolved[669]: . IN DS 38696 8 2 683d2d0acb8c9b712a1948b27f741219298d0a450d612c483af444a4c0fb2b16
Oct 10 13:41:39 host01 systemd-resolved[669]: Negative trust anchors: home.arpa 10.in-addr.arpa 16.172.in-addr.arpa 17.172.in-addr.arpa 18.172.in-addr.arpa 19.172.in-addr.arpa 20.172.in-addr.arpa 21.172.in-addr.arpa 22.172.in-addr.arpa 23.172.in-addr.arpa 24.172.in-addr.arpa 25.172.in-addr.arpa 26.172.in-addr.arpa 27.172.in-addr.arpa 28.172.in-addr.arpa 29.172.in-addr.arpa 30.172.in-addr.arpa 31.172.in-addr.arpa 170.0.0.192.in-addr.arpa 171.0.0.192.in-addr.arpa 168.192.in-addr.arpa d.f.ip6.arpa ipv4only.arpa resolver.arpa corp home internal intranet lan local private test
Oct 10 13:41:39 host01 systemd-udevd[673]: Using default interface naming scheme 'v259'.
Oct 10 13:41:39 host01 systemd[1]: Finished systemd-udev-trigger.service - Coldplug All udev Devices.
Oct 10 13:41:39 host01 systemd-resolved[669]: Using system hostname 'host01'.
Oct 10 13:41:39 host01 systemd[1]: Started systemd-resolved.service - Network Name Resolution.
Oct 10 13:41:39 host01 systemd[1]: Reached target nss-lookup.target - Host and Network Name Lookups.
Oct 10 13:41:39 host01 systemd[1]: Started systemd-udevd.service - Rule-based Manager for Device Events and Files.
Oct 10 13:41:39 host01 systemd[1]: plymouth-start.service - Show Plymouth Boot Screen skipped, unmet condition check ConditionKernelCommandLine=splash
Oct 10 13:41:39 host01 systemd[1]: Started systemd-ask-password-console.path - Dispatch Password Requests to Console Directory Watch.
Oct 10 13:41:39 host01 systemd[1]: systemd-ask-password-plymouth.path - Forward Password Requests to Plymouth Directory Watch skipped, unmet condition check ConditionPathExists=/run/plymouth/pid
Oct 10 13:41:39 host01 systemd[1]: Reached target cryptsetup.target - Local Encrypted Volumes.
Oct 10 13:41:39 host01 systemd[1]: modprobe@configfs.service - Load Kernel Module configfs skipped, unmet condition check ConditionKernelModuleLoaded=!configfs
Oct 10 13:41:39 host01 systemd[1]: modprobe@fuse.service - Load Kernel Module fuse skipped, unmet condition check ConditionKernelModuleLoaded=!fuse
Oct 10 13:41:40 host01 55-scsi-sg3_id.rules[718]: WARNING: SCSI device sr0 has no device ID, consider changing .SCSI_ID_SERIAL_SRC in 00-scsi-sg3_config.rules
Oct 10 13:41:40 host01 systemd[1]: Started cloud-init-main.service - Cloud-init: Single Process.
Oct 10 13:41:40 host01 systemd[1]: Condition check resulted in dev-ttyS0.device - /dev/ttyS0 being skipped.
Oct 10 13:41:40 host01 systemd[1]: Condition check resulted in dev-disk-by\x2dlabel-BOOT.device - /dev/disk/by-label/BOOT being skipped.
Oct 10 13:41:40 host01 systemd[1]: Condition check resulted in dev-disk-by\x2dlabel-UEFI.device - /dev/disk/by-label/UEFI being skipped.
Oct 10 13:41:40 host01 systemd[1]: Starting systemd-fsck@dev-disk-by\x2dlabel-BOOT.service - File System Check on /dev/disk/by-label/BOOT...
Oct 10 13:41:40 host01 systemd[1]: Starting systemd-fsck@dev-disk-by\x2dlabel-UEFI.service - File System Check on /dev/disk/by-label/UEFI...
Oct 10 13:41:40 host01 systemd-fsck[730]: fsck.fat 4.2 (2021-01-31)
Oct 10 13:41:40 host01 systemd-fsck[730]: /dev/vda15: 12 files, 12827/213663 clusters
Oct 10 13:41:40 host01 systemd[1]: Finished systemd-fsck@dev-disk-by\x2dlabel-UEFI.service - File System Check on /dev/disk/by-label/UEFI.
Oct 10 13:41:40 host01 systemd-fsck[731]: BOOT: clean, 646/65536 files, 36490/261888 blocks
Oct 10 13:41:40 host01 systemd[1]: Finished systemd-fsck@dev-disk-by\x2dlabel-BOOT.service - File System Check on /dev/disk/by-label/BOOT.
Oct 10 13:41:40 host01 systemd[1]: Mounting boot.mount - /boot...
Oct 10 13:41:40 host01 kernel: EXT4-fs (vda13): mounted filesystem 00000000-0000-0000-0000-000000000000 r/w with ordered data mode. Quota mode: none.
Oct 10 13:41:40 host01 systemd[1]: Mounted boot.mount - /boot.
Oct 10 13:41:40 host01 kernel: lpc_ich 0000:00:1f.0: I/O space for GPIO uninitialized
Oct 10 13:41:40 host01 kernel: bochs-drm 0000:00:01.0: vgaarb: deactivate vga console
Oct 10 13:41:40 host01 kernel: Console: switching to colour dummy device 80x25
Oct 10 13:41:40 host01 kernel: [drm] Found bochs VGA, ID 0xb0c5.
Oct 10 13:41:40 host01 kernel: [drm] Framebuffer size 16384 kB @ 0xfd000000, mmio @ 0xfeb90000.
Oct 10 13:41:40 host01 kernel: parport_pc 00:02: reported by Plug and Play ACPI
Oct 10 13:41:40 host01 kernel: parport0: PC-style at 0x378, irq 7 [PCSPP,TRISTATE]
Oct 10 13:41:40 host01 kernel: bochs-drm 0000:00:01.0: [drm] Registered 1 planes with drm panic
Oct 10 13:41:40 host01 kernel: [drm] Initialized bochs-drm 1.0.0 for 0000:00:01.0 on minor 0
Oct 10 13:41:40 host01 kernel: i801_smbus 0000:00:1f.3: SMBus using PCI interrupt
Oct 10 13:41:40 host01 kernel: i2c i2c-0: Memory type 0x07 not supported yet, not instantiating SPD
Oct 10 13:41:40 host01 kernel: Console: switching to colour frame buffer device 160x50
Oct 10 13:41:40 host01 systemd[1]: Condition check resulted in sys-devices-virtual-misc-rfkill.device - /sys/devices/virtual/misc/rfkill being skipped.
Oct 10 13:41:40 host01 systemd[1]: Listening on systemd-rfkill.socket - Load/Save RF Kill Switch Status /dev/rfkill Watch.
Oct 10 13:41:40 host01 kernel: bochs-drm 0000:00:01.0: [drm] fb0: bochs-drmdrmfb frame buffer device
Oct 10 13:41:40 host01 kernel: ppdev: user-space parallel port driver
Oct 10 13:41:40 host01 kernel: kvm_amd: TSC scaling supported
Oct 10 13:41:40 host01 kernel: kvm_amd: Nested Virtualization enabled
Oct 10 13:41:40 host01 kernel: kvm_amd: Nested Paging enabled
Oct 10 13:41:40 host01 kernel: kvm_amd: Virtual VMLOAD VMSAVE supported
Oct 10 13:41:40 host01 kernel: kvm_amd: PMU virtualization is disabled
Oct 10 13:41:41 host01 systemd[1]: Mounting boot-efi.mount - /boot/efi...
Oct 10 13:41:41 host01 systemd[1]: Mounted boot-efi.mount - /boot/efi.
Oct 10 13:41:41 host01 systemd[1]: Reached target local-fs.target - Local File Systems.
Oct 10 13:41:41 host01 systemd[1]: Listening on systemd-sysext.socket - System Extension Image Management.
Oct 10 13:41:41 host01 systemd[1]: Starting apparmor.service - Load AppArmor profiles...
Oct 10 13:41:41 host01 systemd[1]: Starting console-setup.service - Set console font and keymap...
Oct 10 13:41:41 host01 systemd[1]: Starting finalrd.service - Create final runtime dir for shutdown pivot root...
Oct 10 13:41:41 host01 systemd[1]: Starting netplan-configure.service - Netplan Backend Configuration...
Oct 10 13:41:41 host01 systemd[1]: Starting plymouth-read-write.service - Tell Plymouth To Write Out Runtime Data...
Oct 10 13:41:41 host01 systemd[1]: Starting systemd-binfmt.service - Set Up Additional Binary Formats...
Oct 10 13:41:41 host01 systemd[1]: Starting systemd-tmpfiles-setup.service - Create System Files and Directories...
Oct 10 13:41:41 host01 systemd[1]: Starting ufw.service - Uncomplicated firewall...
Oct 10 13:41:41 host01 systemd[1]: Finished console-setup.service - Set console font and keymap.
Oct 10 13:41:41 host01 apparmor.systemd[773]: Restarting AppArmor
Oct 10 13:41:41 host01 systemd[1]: Finished finalrd.service - Create final runtime dir for shutdown pivot root.
Oct 10 13:41:41 host01 systemd[1]: proc-sys-fs-binfmt_misc.automount: Got automount request for /proc/sys/fs/binfmt_misc, triggered by 782 (systemd-binfmt)
Oct 10 13:41:41 host01 systemd[1]: Mounting proc-sys-fs-binfmt_misc.mount - Arbitrary Executable File Formats File System...
Oct 10 13:41:41 host01 systemd[1]: Finished plymouth-read-write.service - Tell Plymouth To Write Out Runtime Data.
Oct 10 13:41:41 host01 apparmor.systemd[773]: Reloading AppArmor profiles
Oct 10 13:41:41 host01 systemd[1]: Finished ufw.service - Uncomplicated firewall.
Oct 10 13:41:41 host01 systemd[1]: Mounted proc-sys-fs-binfmt_misc.mount - Arbitrary Executable File Formats File System.
Oct 10 13:41:41 host01 systemd[1]: Finished systemd-binfmt.service - Set Up Additional Binary Formats.
Oct 10 13:41:41 host01 systemd[1]: Finished systemd-tmpfiles-setup.service - Create System Files and Directories.
Oct 10 13:41:41 host01 systemd[1]: ldconfig.service - Rebuild Dynamic Linker Cache skipped, no trigger condition checks were met.
Oct 10 13:41:41 host01 systemd[1]: systemd-firstboot.service - Initial Setup skipped, unmet condition check ConditionFirstBoot=yes
Oct 10 13:41:41 host01 systemd[1]: first-boot-complete.target - First Boot Complete skipped, unmet condition check ConditionFirstBoot=yes
Oct 10 13:41:41 host01 systemd[1]: systemd-journal-catalog-update.service - Rebuild Journal Catalog skipped, unmet condition check ConditionNeedsUpdate=/var
Oct 10 13:41:41 host01 systemd[1]: systemd-machine-id-commit.service - Save Transient machine-id to Disk skipped, unmet condition check ConditionPathIsMountPoint=/etc/machine-id
Oct 10 13:41:41 host01 systemd[1]: systemd-update-done.service - Update is Completed skipped, no trigger condition checks were met.
Oct 10 13:41:41 host01 kernel: audit: type=1400 audit(1791639701.188:2): apparmor="STATUS" operation="profile_load" profile="unconfined" name="1password" pid=802 comm="apparmor_parser"
Oct 10 13:41:41 host01 kernel: audit: type=1400 audit(1791639701.189:3): apparmor="STATUS" operation="profile_load" profile="unconfined" name="Discord" pid=803 comm="apparmor_parser"
Oct 10 13:41:41 host01 kernel: audit: type=1400 audit(1791639701.192:4): apparmor="STATUS" operation="profile_load" profile="unconfined" name=4D6F6E676F444220436F6D70617373 pid=805 comm="apparmor_parser"
Oct 10 13:41:41 host01 kernel: audit: type=1400 audit(1791639701.194:5): apparmor="STATUS" operation="profile_load" profile="unconfined" name="QtWebEngineProcess" pid=806 comm="apparmor_parser"
Oct 10 13:41:41 host01 kernel: audit: type=1400 audit(1791639701.205:6): apparmor="STATUS" operation="profile_load" profile="unconfined" name="alsamixer" pid=808 comm="apparmor_parser"
Oct 10 13:41:41 host01 kernel: audit: type=1400 audit(1791639701.210:7): apparmor="STATUS" operation="profile_load" profile="unconfined" name="babeld" pid=809 comm="apparmor_parser"
Oct 10 13:41:41 host01 kernel: audit: type=1400 audit(1791639701.213:8): apparmor="STATUS" operation="profile_load" profile="unconfined" name="Xorg" pid=807 comm="apparmor_parser"
Oct 10 13:41:41 host01 kernel: audit: type=1400 audit(1791639701.213:9): apparmor="STATUS" operation="profile_load" profile="unconfined" name="Xorg_wrap" pid=807 comm="apparmor_parser"
Oct 10 13:41:41 host01 kernel: audit: type=1400 audit(1791639701.215:10): apparmor="STATUS" operation="profile_load" profile="unconfined" name="balena-etcher" pid=810 comm="apparmor_parser"
Oct 10 13:41:41 host01 kernel: audit: type=1400 audit(1791639701.218:11): apparmor="STATUS" operation="profile_load" profile="unconfined" name="bfdd" pid=811 comm="apparmor_parser"
Oct 10 13:41:41 host01 systemd[1]: Finished netplan-configure.service - Netplan Backend Configuration.
Oct 10 13:41:41 host01 (udev-worker)[827]: enp0s4: Could not set WakeOnLan to off, ignoring: Operation not supported
Oct 10 13:41:41 host01 systemd[1]: Finished apparmor.service - Load AppArmor profiles.
Oct 10 13:41:41 host01 systemd[1]: Starting snapd.apparmor.service - Load AppArmor profiles managed internally by snapd...
Oct 10 13:41:41 host01 systemd[1]: vgauth.service - Authentication service for virtual machines hosted on VMware skipped, unmet condition check ConditionVirtualization=vmware
Oct 10 13:41:41 host01 systemd[1]: open-vm-tools.service - Service for virtual machines hosted on VMware skipped, unmet condition check ConditionVirtualization=vmware
Oct 10 13:41:41 host01 systemd[1]: Starting cloud-init-local.service - Cloud-init: Local Stage (pre-network)...
Oct 10 13:41:41 host01 snapd-apparmor[966]: main.go:143: No profiles to load
Oct 10 13:41:41 host01 systemd[1]: Finished snapd.apparmor.service - Load AppArmor profiles managed internally by snapd.
Oct 10 13:41:41 host01 cloud-init[981]: Cloud-init v. 26.1-0ubuntu3~26.04.1 running 'init-local' at Sat, 10 Oct 2026 13:41:41 +0000. Up 8.28 seconds.
Oct 10 13:41:41 host01 kernel: ISO 9660 Extensions: Microsoft Joliet Level 3
Oct 10 13:41:41 host01 kernel: ISO 9660 Extensions: RRIP_1991A
Oct 10 13:41:41 host01 systemd[1]: Finished cloud-init-local.service - Cloud-init: Local Stage (pre-network).
Oct 10 13:41:41 host01 systemd[1]: Reached target network-pre.target - Preparation for Network.
Oct 10 13:41:41 host01 systemd[1]: Listening on systemd-networkd-resolve-hook.socket - Network Management Resolve Hook Socket.
Oct 10 13:41:41 host01 systemd[1]: Starting cloud-init-network.service - Cloud-init: Network Stage...
Oct 10 13:41:41 host01 systemd[1]: Starting systemd-networkd.service - Network Management...
Oct 10 13:41:41 host01 cloud-init[981]: Cloud-init v. 26.1-0ubuntu3~26.04.1 running 'init' at Sat, 10 Oct 2026 13:41:41 +0000. Up 8.60 seconds.
Oct 10 13:41:41 host01 cloud-init[981]: ci-info: ++++++++++++++++++++++++++++++++++++Net device info+++++++++++++++++++++++++++++++++++++
Oct 10 13:41:41 host01 cloud-init[981]: ci-info: +--------+------+-------------------------+---------------+--------+-------------------+
Oct 10 13:41:41 host01 cloud-init[981]: ci-info: | Device |  Up  |         Address         |      Mask     | Scope  |     Hw-Address    |
Oct 10 13:41:41 host01 cloud-init[981]: ci-info: +--------+------+-------------------------+---------------+--------+-------------------+
Oct 10 13:41:41 host01 cloud-init[981]: ci-info: | enp0s4 | True |        192.0.2.1        | 255.255.255.0 | global | 00:00:5e:00:53:04 |
Oct 10 13:41:41 host01 cloud-init[981]: ci-info: | enp0s4 | True | 2001:db8::5/64 |       .       |  link  | 00:00:5e:00:53:04 |
Oct 10 13:41:41 host01 cloud-init[981]: ci-info: |   lo   | True |        127.0.0.1        |   255.0.0.0   |  host  |         .         |
Oct 10 13:41:41 host01 cloud-init[981]: ci-info: |   lo   | True |         ::1/128         |       .       |  host  |         .         |
Oct 10 13:41:41 host01 cloud-init[981]: ci-info: +--------+------+-------------------------+---------------+--------+-------------------+
Oct 10 13:41:41 host01 cloud-init[981]: ci-info: ++++++++++++++++++++++++++++Route IPv4 info+++++++++++++++++++++++++++++
Oct 10 13:41:41 host01 cloud-init[981]: ci-info: +-------+-------------+----------+-----------------+-----------+-------+
Oct 10 13:41:41 host01 cloud-init[981]: ci-info: | Route | Destination | Gateway  |     Genmask     | Interface | Flags |
Oct 10 13:41:41 host01 cloud-init[981]: ci-info: +-------+-------------+----------+-----------------+-----------+-------+
Oct 10 13:41:41 host01 cloud-init[981]: ci-info: |   0   |   0.0.0.0   | 192.0.2.2 |     0.0.0.0     |   enp0s4  |   UG  |
Oct 10 13:41:41 host01 cloud-init[981]: ci-info: |   1   |   192.0.2.6  | 0.0.0.0  |  255.255.255.0  |   enp0s4  |   U   |
Oct 10 13:41:41 host01 cloud-init[981]: ci-info: |   2   |   192.0.2.2  | 0.0.0.0  | 255.255.255.255 |   enp0s4  |   UH  |
Oct 10 13:41:41 host01 cloud-init[981]: ci-info: |   3   |   192.0.2.7  | 0.0.0.0  | 255.255.255.255 |   enp0s4  |   UH  |
Oct 10 13:41:41 host01 cloud-init[981]: ci-info: +-------+-------------+----------+-----------------+-----------+-------+
Oct 10 13:41:41 host01 cloud-init[981]: ci-info: +++++++++++++++++++Route IPv6 info+++++++++++++++++++
Oct 10 13:41:41 host01 cloud-init[981]: ci-info: +-------+-------------+---------+-----------+-------+
Oct 10 13:41:41 host01 cloud-init[981]: ci-info: | Route | Destination | Gateway | Interface | Flags |
Oct 10 13:41:41 host01 cloud-init[981]: ci-info: +-------+-------------+---------+-----------+-------+
Oct 10 13:41:41 host01 cloud-init[981]: ci-info: |   0   |  2001:db8::8/64  |    2001:db8::9   |   enp0s4  |   U   |
Oct 10 13:41:41 host01 cloud-init[981]: ci-info: |   2   |    local    |    2001:db8::9   |   enp0s4  |   U   |
Oct 10 13:41:41 host01 cloud-init[981]: ci-info: |   3   |  multicast  |    2001:db8::9   |   enp0s4  |   U   |
Oct 10 13:41:41 host01 cloud-init[981]: ci-info: +-------+-------------+---------+-----------+-------+
Oct 10 13:41:41 host01 systemd-networkd[994]: lo: Link UP
Oct 10 13:41:41 host01 systemd-networkd[994]: lo: Gained carrier
Oct 10 13:41:41 host01 systemd-networkd[994]: enp0s4: Link UP
Oct 10 13:41:41 host01 systemd-networkd[994]: enp0s4: Gained carrier
Oct 10 13:41:41 host01 systemd-networkd[994]: enp0s4: Gained IPv6LL
Oct 10 13:41:41 host01 systemd[1]: Started systemd-networkd.service - Network Management.
Oct 10 13:41:41 host01 systemd-networkd[994]: enp0s4: Configuring with /run/systemd/network/10-netplan-enp0s4.network.
Oct 10 13:41:41 host01 systemd[1]: Reached target network.target - Network.
Oct 10 13:41:41 host01 systemd[1]: Starting systemd-networkd-persistent-storage.service - Enable Persistent Storage in systemd-networkd...
Oct 10 13:41:41 host01 systemd[1]: Starting systemd-networkd-wait-online.service - Wait for Network to be Online...
Oct 10 13:41:41 host01 systemd-networkd[994]: enp0s4: DHCPv4 address 192.0.2.1/24, gateway 192.0.2.2 acquired from 192.0.2.2
Oct 10 13:41:41 host01 systemd[1]: Finished systemd-networkd-persistent-storage.service - Enable Persistent Storage in systemd-networkd.
Oct 10 13:41:41 host01 systemd[1]: Finished systemd-networkd-wait-online.service - Wait for Network to be Online.
Oct 10 13:41:42 host01 sh[998]: Completed socket interaction for boot stage network
Oct 10 13:41:42 host01 systemd[1]: Finished cloud-init-network.service - Cloud-init: Network Stage.
Oct 10 13:41:42 host01 systemd[1]: Reached target cloud-config.target - Cloud-config availability.
Oct 10 13:41:42 host01 systemd[1]: Reached target network-online.target - Network is Online.
Oct 10 13:41:42 host01 systemd[1]: Reached target sysinit.target - System Initialization.
Oct 10 13:41:42 host01 systemd[1]: apport-autoreport.path - Process error reports when automatic reporting is enabled (file watch) skipped, unmet condition check ConditionPathExists=/var/lib/apport/autoreport
Oct 10 13:41:42 host01 systemd[1]: tpm-udev.path - Handle dynamically added tpm devices skipped, unmet condition check ConditionVirtualization=container
Oct 10 13:41:42 host01 systemd[1]: apport-autoreport.timer - Process error reports when automatic reporting is enabled (timer based) skipped, unmet condition check ConditionPathExists=/var/lib/apport/autoreport
Oct 10 13:41:42 host01 systemd[1]: Started apt-daily.timer - Daily apt download activities.
Oct 10 13:41:42 host01 systemd[1]: Started apt-daily-upgrade.timer - Daily apt upgrade and clean activities.
Oct 10 13:41:42 host01 systemd[1]: Started dpkg-db-backup.timer - Daily dpkg database backup timer.
Oct 10 13:41:42 host01 systemd[1]: Started e2scrub_all.timer - Periodic ext4 Online Metadata Check for All Filesystems.
Oct 10 13:41:42 host01 systemd[1]: Started fstrim.timer - Discard unused filesystem blocks once a week.
Oct 10 13:41:42 host01 systemd[1]: Started fwupd-refresh.timer - Refresh fwupd metadata regularly.
Oct 10 13:41:42 host01 systemd[1]: Started logrotate.timer - Daily rotation of log files.
Oct 10 13:41:42 host01 systemd[1]: Started man-db.timer - Daily man-db regeneration.
Oct 10 13:41:42 host01 systemd[1]: Started motd-news.timer - Message of the Day.
Oct 10 13:41:42 host01 systemd[1]: snapd.snap-repair.timer - Timer to automatically fetch and run repair assertions skipped, no trigger condition checks were met.
Oct 10 13:41:42 host01 systemd[1]: Started sysstat-collect.timer - Run system activity accounting tool every 10 minutes.
Oct 10 13:41:42 host01 systemd[1]: Started sysstat-rotate.timer - Rotate daily system activity data file at midnight.
Oct 10 13:41:42 host01 systemd[1]: Started sysstat-summary.timer - Generate summary of yesterday's process accounting.
Oct 10 13:41:42 host01 systemd[1]: Started systemd-tmpfiles-clean.timer - Daily Cleanup of Temporary Directories.
Oct 10 13:41:42 host01 systemd[1]: ua-timer.timer - Ubuntu Pro Timer for running repeated jobs skipped, unmet condition check ConditionPathExists=/var/lib/ubuntu-advantage/private/machine-token.json
Oct 10 13:41:42 host01 systemd[1]: Started update-notifier-download.timer - Download data for packages that failed at package install time.
Oct 10 13:41:42 host01 systemd[1]: Started update-notifier-motd.timer - Check to see whether there is a new version of Ubuntu available.
Oct 10 13:41:42 host01 systemd[1]: Started xfs_scrub_all.timer - Periodic XFS Online Metadata Check for All Filesystems.
Oct 10 13:41:42 host01 systemd[1]: Reached target boot-complete.target - Boot Completion Check.
Oct 10 13:41:42 host01 systemd[1]: Reached target paths.target - Path Units.
Oct 10 13:41:42 host01 systemd[1]: Reached target timers.target - Timer Units.
Oct 10 13:41:42 host01 systemd[1]: apport-forward.socket - Unix socket for apport crash forwarding skipped, unmet condition check ConditionVirtualization=container
Oct 10 13:41:42 host01 systemd[1]: Listening on cloud-init-hotplugd.socket - cloud-init hotplug hook socket.
Oct 10 13:41:42 host01 systemd[1]: Listening on dbus.socket - D-Bus System Message Bus Socket.
Oct 10 13:41:42 host01 systemd[1]: Listening on iscsid.socket - Open-iSCSI iscsid Socket.
Oct 10 13:41:42 host01 systemd[1]: Starting lxd-installer.socket - Helper to install lxd snap on demand...
Oct 10 13:41:42 host01 systemd[1]: Listening on polkit-agent-helper.socket - Authorization Manager Agent Helper.
Oct 10 13:41:42 host01 systemd[1]: Starting snapd.socket - Socket activation for snappy daemon...
Oct 10 13:41:42 host01 systemd[1]: Listening on ssh.socket - OpenBSD Secure Shell server socket.
Oct 10 13:41:42 host01 systemd[1]: Listening on sshd-unix-local.socket - OpenSSH Server Socket (systemd-ssh-generator, AF_UNIX Local).
Oct 10 13:41:42 host01 systemd[1]: Listening on systemd-hostnamed.socket - Hostname Service Socket.
Oct 10 13:41:42 host01 systemd[1]: Listening on systemd-logind-varlink.socket - User Login Management Varlink Socket.
Oct 10 13:41:42 host01 systemd[1]: Listening on uuidd.socket - UUID daemon activation socket.
Oct 10 13:41:42 host01 systemd[1]: open-iscsi.service - Login to default iSCSI targets skipped, no trigger condition checks were met.
Oct 10 13:41:42 host01 systemd[1]: Reached target remote-fs-pre.target - Preparation for Remote File Systems.
Oct 10 13:41:42 host01 systemd[1]: Reached target remote-fs.target - Remote File Systems.
Oct 10 13:41:42 host01 systemd[1]: Starting blk-availability.service - Availability of block devices...
Oct 10 13:41:42 host01 systemd[1]: systemd-pcrphase-sysinit.service - TPM PCR Barrier (Initialization) skipped, unmet condition check ConditionSecurity=measured-uki
Oct 10 13:41:42 host01 systemd[1]: Listening on lxd-installer.socket - Helper to install lxd snap on demand.
Oct 10 13:41:42 host01 systemd[1]: Listening on snapd.socket - Socket activation for snappy daemon.
Oct 10 13:41:42 host01 systemd[1]: Finished blk-availability.service - Availability of block devices.
Oct 10 13:41:42 host01 systemd[1]: Reached target sockets.target - Socket Units.
Oct 10 13:41:42 host01 systemd[1]: Reached target basic.target - Basic System.
Oct 10 13:41:42 host01 systemd[1]: Starting apport.service - automatic crash report generation...
Oct 10 13:41:42 host01 systemd[1]: Starting chrony.service - chrony, an NTP client/server...
Oct 10 13:41:42 host01 systemd[1]: Starting cloud-config.service - Cloud-init: Config Stage...
Oct 10 13:41:42 host01 systemd[1]: Started cron.service - Regular background program processing daemon.
Oct 10 13:41:42 host01 (cron)[1046]: cron.service: Referenced but unset environment variable evaluates to an empty string: EXTRA_OPTS
Oct 10 13:41:42 host01 systemd[1]: Starting dbus.service - D-Bus System Message Bus...
Oct 10 13:41:42 host01 systemd[1]: Started dmesg.service - Save initial kernel messages after boot.
Oct 10 13:41:42 host01 systemd[1]: Starting dracut-shutdown.service - Restore /run/initramfs on shutdown...
Oct 10 13:41:42 host01 cron[1046]: (CRON) INFO (pidfile fd = 3)
Oct 10 13:41:42 host01 systemd[1]: Starting e2scrub_reap.service - Remove Stale Online ext4 Metadata Check Snapshots...
Oct 10 13:41:42 host01 systemd[1]: getty-static.service - getty on tty2-tty6 if dbus and logind are not available skipped, unmet condition check ConditionPathExists=!/usr/bin/dbus-daemon
Oct 10 13:41:42 host01 cron[1046]: (CRON) INFO (Running @reboot jobs)
Oct 10 13:41:42 host01 systemd[1]: Starting grub2-common.service - Record successful boot for GRUB...
Oct 10 13:41:42 host01 systemd[1]: Starting multipathd-queueing.service - Enable queuing for multipath maps...
Oct 10 13:41:42 host01 systemd[1]: Starting networkd-dispatcher.service - Dispatcher daemon for systemd-networkd...
Oct 10 13:41:42 host01 systemd[1]: Starting polkit.service - Authorization Manager...
Oct 10 13:41:42 host01 systemd[1]: Starting rsyslog.service - System Logging Service...
Oct 10 13:41:42 host01 systemd[1]: secureboot-db.service - Secure Boot updates for DB and DBX skipped, unmet condition check ConditionPathExists=/sys/firmware/efi/efivars/db-00000000-0000-0000-0000-000000000000
Oct 10 13:41:42 host01 systemd[1]: snapd.core-fixup.service - Automatically repair incorrect owner/permissions on core devices skipped, no trigger condition checks were met.
Oct 10 13:41:42 host01 systemd[1]: snapd.recovery-chooser-trigger.service - Wait for the Ubuntu Core chooser trigger skipped, unmet condition check ConditionKernelCommandLine=snapd_recovery_mode
Oct 10 13:41:42 host01 systemd[1]: Reached target getty-pre.target - Preparation for Logins.
Oct 10 13:41:42 host01 systemd[1]: Starting snapd.seeded.service - Wait until snapd is fully seeded...
Oct 10 13:41:42 host01 systemd[1]: Starting snapd.service - Snap Daemon...
Oct 10 13:41:42 host01 systemd[1]: sshd-keygen.service - Generate sshd host keys on first boot skipped, unmet condition check ConditionFirstBoot=yes
Oct 10 13:41:42 host01 systemd[1]: Starting ssh.service - OpenBSD Secure Shell server...
Oct 10 13:41:42 host01 systemd[1]: Starting sysstat.service - Resets System Activity Logs...
Oct 10 13:41:42 host01 systemd[1]: Starting systemd-logind.service - User Login Management...
Oct 10 13:41:42 host01 systemd[1]: systemd-pcrphase.service - TPM PCR Barrier (User) skipped, unmet condition check ConditionSecurity=measured-uki
Oct 10 13:41:42 host01 systemd[1]: Starting systemd-user-sessions.service - Permit User Sessions...
Oct 10 13:41:42 host01 systemd[1]: ua-reboot-cmds.service - Ubuntu Pro reboot cmds skipped, unmet condition check ConditionPathExists=/var/lib/ubuntu-advantage/private/machine-token.json
Oct 10 13:41:42 host01 systemd[1]: ubuntu-advantage.service - Ubuntu Pro Background Auto Attach skipped, no trigger condition checks were met.
Oct 10 13:41:42 host01 systemd[1]: Starting udisks2.service - Disk Manager...
Oct 10 13:41:42 host01 systemd[1]: Finished dracut-shutdown.service - Restore /run/initramfs on shutdown.
Oct 10 13:41:42 host01 systemd[1]: e2scrub_reap.service: Deactivated successfully.
Oct 10 13:41:42 host01 systemd[1]: Finished e2scrub_reap.service - Remove Stale Online ext4 Metadata Check Snapshots.
Oct 10 13:41:42 host01 systemd[1]: Finished multipathd-queueing.service - Enable queuing for multipath maps.
Oct 10 13:41:42 host01 systemd[1]: Finished systemd-user-sessions.service - Permit User Sessions.
Oct 10 13:41:42 host01 systemd[1]: Starting plymouth-quit-wait.service - Hold until boot process finishes up...
Oct 10 13:41:42 host01 systemd[1]: Starting plymouth-quit.service - Terminate Plymouth Boot Screen...
Oct 10 13:41:42 host01 systemd[1]: Finished plymouth-quit-wait.service - Hold until boot process finishes up.
Oct 10 13:41:42 host01 systemd[1]: Started serial-getty@ttyS0.service - Serial Getty on ttyS0.
Oct 10 13:41:42 host01 systemd[1]: Starting setvtrgb.service - Set console scheme...
Oct 10 13:41:42 host01 systemd[1]: Finished sysstat.service - Resets System Activity Logs.
Oct 10 13:41:42 host01 systemd[1]: Finished setvtrgb.service - Set console scheme.
Oct 10 13:41:42 host01 systemd[1]: Created slice system-getty.slice - Slice /system/getty.
Oct 10 13:41:42 host01 systemd[1]: Started getty@tty1.service - Getty on tty1.
Oct 10 13:41:42 host01 systemd[1]: Reached target getty.target - Login Prompts.
Oct 10 13:41:42 host01 cloud-init[981]: Cloud-init v. 26.1-0ubuntu3~26.04.1 running 'modules:config' at Sat, 10 Oct 2026 13:41:42 +0000. Up 9.05 seconds.
Oct 10 13:41:42 host01 systemd[1]: Finished plymouth-quit.service - Terminate Plymouth Boot Screen.
Oct 10 13:41:42 host01 sshd[1084]: Server listening on 0.0.0.0 port 22.
Oct 10 13:41:42 host01 sshd[1084]: Server listening on 2001:db8::9 port 22.
Oct 10 13:41:42 host01 systemd[1]: Started ssh.service - OpenBSD Secure Shell server.
Oct 10 13:41:42 host01 dbus-daemon[1047]: [system] AppArmor D-Bus mediation is enabled
Oct 10 13:41:42 host01 systemd[1]: Started dbus.service - D-Bus System Message Bus.
Oct 10 13:41:42 host01 dbus-daemon[1047]: [system] Activating via systemd: service name='org.freedesktop.PolicyKit1' unit='polkit.service' requested by ':1.3' (uid=0 pid=1073 comm="/usr/libexec/udisks2/udisksd" label="unconfined")
Oct 10 13:41:42 host01 systemd[1]: Finished cloud-config.service - Cloud-init: Config Stage.
Oct 10 13:41:42 host01 snapd[1063]: seclog.go:174: security logger enabled
Oct 10 13:41:42 host01 systemd-logind[1069]: New seat seat0.
Oct 10 13:41:42 host01 systemd-logind[1069]: Watching system buttons on /dev/input/event0 (Power Button)
Oct 10 13:41:42 host01 systemd-logind[1069]: Watching system buttons on /dev/input/event1 (AT Translated Set 2 keyboard)
Oct 10 13:41:42 host01 systemd[1]: Started systemd-logind.service - User Login Management.
Oct 10 13:41:42 host01 systemd[1]: Started unattended-upgrades.service - Unattended Upgrades Shutdown.
Oct 10 13:41:42 host01 chronyd[1157]: chronyd version 4.8 starting (+CMDMON +REFCLOCK +RTC +PRIVDROP +SCFILTER +SIGND +NTS +SECHASH +IPV6 -DEBUG)
Oct 10 13:41:42 host01 chronyd[1157]: Loaded 0 symmetric keys
Oct 10 13:41:42 host01 chronyd[1157]: Using leap second list /usr/share/zoneinfo/leap-seconds.list
Oct 10 13:41:42 host01 chronyd[1157]: Frequency 0.000 +/- 1000000.000 ppm read from /var/lib/chrony/chrony.drift
Oct 10 13:41:42 host01 chronyd[1157]: Loaded seccomp filter (level 1)
Oct 10 13:41:42 host01 systemd[1]: Started chrony.service - chrony, an NTP client/server.
Oct 10 13:41:42 host01 snapd[1063]: overlord.go:313: Acquiring state lock file
Oct 10 13:41:42 host01 snapd[1063]: overlord.go:318: Acquired state lock file
Oct 10 13:41:42 host01 chronyd[1157]: Added pool 1.ntp.ubuntu.com
Oct 10 13:41:42 host01 chronyd[1157]: Added pool 2.ntp.ubuntu.com
Oct 10 13:41:42 host01 chronyd[1157]: Added pool 3.ntp.ubuntu.com
Oct 10 13:41:42 host01 chronyd[1157]: Added pool 4.ntp.ubuntu.com
Oct 10 13:41:42 host01 chronyd[1157]: Added pool ntp-bootstrap.ubuntu.com
Oct 10 13:41:42 host01 snapd[1063]: daemon.go:277: started snapd/2.76.3 (series 16; classic) ubuntu/26.04 (amd64) linux/7.0.0-34-generic.
Oct 10 13:41:42 host01 systemd[1]: grub2-common.service: Deactivated successfully.
Oct 10 13:41:42 host01 systemd[1]: Finished grub2-common.service - Record successful boot for GRUB.
Oct 10 13:41:42 host01 kernel: loop0: detected capacity change from 0 to 8
Oct 10 13:41:42 host01 snapd[1063]: daemon.go:371: adjusting startup timeout by 30s (pessimistic estimate of 30s plus 5s per snap)
Oct 10 13:41:42 host01 systemd[1]: Starting grub-initrd-fallback.service - GRUB failed boot detection...
Oct 10 13:41:42 host01 polkitd[1059]: Started polkitd version 127
Oct 10 13:41:42 host01 snapd[1063]: backends.go:70: AppArmor status: apparmor is enabled and all features are available
Oct 10 13:41:43 host01 systemd[1]: Started polkit.service - Authorization Manager.
Oct 10 13:41:43 host01 dbus-daemon[1047]: [system] Successfully activated service 'org.freedesktop.PolicyKit1'
Oct 10 13:41:43 host01 networkd-dispatcher[1056]: No valid path found for iwconfig
Oct 10 13:41:43 host01 networkd-dispatcher[1056]: No valid path found for iw
Oct 10 13:41:43 host01 snapd[1063]: backend.go:145: reloading profiles for snap-confine
Oct 10 13:41:43 host01 rsyslogd[1171]: imuxsock: Acquired UNIX socket '/run/systemd/journal/syslog' (fd 3) from systemd.  [v8.2512.0]
Oct 10 13:41:43 host01 systemd[1]: Started rsyslog.service - System Logging Service.
Oct 10 13:41:43 host01 rsyslogd[1171]: rsyslogd's groupid changed to 101
Oct 10 13:41:43 host01 rsyslogd[1171]: rsyslogd's userid changed to 100
Oct 10 13:41:43 host01 rsyslogd[1171]: [origin software="rsyslogd" swVersion="8.2512.0" x-pid="1171" x-info="https://www.rsyslog.com"] start
Oct 10 13:41:43 host01 systemd[1]: Starting ModemManager.service - Modem Manager...
Oct 10 13:41:43 host01 systemd[1]: Finished apport.service - automatic crash report generation.
Oct 10 13:41:43 host01 systemd[1]: Started networkd-dispatcher.service - Dispatcher daemon for systemd-networkd.
Oct 10 13:41:43 host01 systemd[1]: Started udisks2.service - Disk Manager.
Oct 10 13:41:43 host01 systemd[1]: grub-initrd-fallback.service: Deactivated successfully.
Oct 10 13:41:43 host01 ModemManager[1234]: <msg> ModemManager (version 1.25.95) starting in system bus...
Oct 10 13:41:43 host01 systemd[1]: Finished grub-initrd-fallback.service - GRUB failed boot detection.
Oct 10 13:41:43 host01 unattended-upgrade-shutdown[1170]: /usr/share/unattended-upgrades/unattended-upgrade-shutdown:250: PyGIDeprecationWarning: GLib.unix_signal_add is deprecated; use GLibUnix.signal_add instead
Oct 10 13:41:43 host01 unattended-upgrade-shutdown[1170]:   GLib.unix_signal_add(GLib.PRIORITY_DEFAULT, sig,
Oct 10 13:41:43 host01 snapd[1063]: standby.go:95: will consider standby after: 5s
Oct 10 13:41:43 host01 systemd[1]: Started snapd.service - Snap Daemon.
Oct 10 13:41:43 host01 dbus-daemon[1047]: [system] Activating via systemd: service name='org.freedesktop.timedate1' unit='dbus-org.freedesktop.timedate1.service' requested by ':1.10' (uid=0 pid=1063 comm="/usr/lib/snapd/snapd" label="unconfined")
Oct 10 13:41:43 host01 systemd[1]: Starting systemd-timedated.service - Time & Date Service...
Oct 10 13:41:43 host01 kernel: NET: Registered PF_QIPCRTR protocol family
Oct 10 13:41:43 host01 systemd[1]: Started ModemManager.service - Modem Manager.
Oct 10 13:41:43 host01 systemd[1]: Started systemd-timedated.service - Time & Date Service.
Oct 10 13:41:43 host01 dbus-daemon[1047]: [system] Successfully activated service 'org.freedesktop.timedate1'
Oct 10 13:41:43 host01 systemd[1]: Finished snapd.seeded.service - Wait until snapd is fully seeded.
Oct 10 13:41:43 host01 systemd[1]: snapd.autoimport.service - Auto import assertions from block devices skipped, no trigger condition checks were met.
Oct 10 13:41:43 host01 systemd[1]: Reached target multi-user.target - Multi-User System.
Oct 10 13:41:43 host01 systemd[1]: Reached target graphical.target - Graphical Interface.
Oct 10 13:41:43 host01 systemd[1]: Starting cloud-final.service - Cloud-init: Final Stage...
Oct 10 13:41:43 host01 cloud-init[981]: Cloud-init v. 26.1-0ubuntu3~26.04.1 running 'modules:final' at Sat, 10 Oct 2026 13:41:43 +0000. Up 10.20 seconds.
Oct 10 13:41:43 host01 cloud-init[981]: Cloud-init v. 26.1-0ubuntu3~26.04.1 finished at Sat, 10 Oct 2026 13:41:43 +0000. Datasource DataSourceNoCloud [seed=/dev/vdc].  Up 10.27 seconds
Oct 10 13:41:43 host01 systemd[1]: Finished cloud-final.service - Cloud-init: Final Stage.
Oct 10 13:41:43 host01 systemd[1]: Reached target cloud-init.target - Cloud-init target.
Oct 10 13:41:43 host01 systemd[1]: Startup finished in 1.523s (kernel) + 2.998s (initrd) + 5.769s (userspace) = 10.291s.
